Daily Time Spent on Site;Daily Time Spent on Apps;Age;Area Income;Daily Internet Usage;Ad Topic Line;City;Gender;Country;Timestamp;Clicked on Ad
68.95;59.46;35;61833.9;256.09;Cloned 5thgeneration orchestration;Wrightburgh;Female;Tunisia;27/03/2016 00:53;1
80.23;63.71;31;68441.85;193.77;Monitored national standardization;West Jodi;Male;Nauru;04/04/2016 01:39;1
69.47;53.84;26;59785.94;236.5;Organic bottom-line service-desk;Davidton;Female;San Marino;13/03/2016 20:35;1
74.15;56.04;29;54806.18;245.89;Triple-buffered reciprocal time-frame;West Terrifurt;Male;Italy;10/01/2016 02:31;1
68.37;55.64;35;73889.99;225.58;Robust logistical utilization;South Manuel;Female;Iceland;03/06/2016 03:36;1
59.99;42.80;23;59761.56;226.74;Sharable client-driven software;Jamieberg;Male;Norway;19/05/2016 14:30;1
88.91;73.81;33;53852.85;208.36;Enhanced dedicated support;Brandonstad;Female;Myanmar;28/01/2016 20:59;1
74.53;69.81;30;68862.0;221.51;Configurable coherent function;West Colin;Male;Grenada;18/04/2016 09:33;1
69.88;64.65;20;55642.32;183.82;Mandatory homogeneous architecture;Ramirezton;Male;Ghana;11/07/2016 01:42;1
83.07;67.34;37;62491.01;230.87;Team-oriented grid-enabled Local Area Network;East Theresashire;Male;Burundi;08/05/2016 08:10;1
79.52;76.17;24;51739.63;214.23;Synergistic fresh-thinking array;North Tara;Female;Bosnia and Herzegovina;20/04/2016 21:49;1
82.03;65.30;41;71511.08;187.53;Intuitive dynamic attitude;Pruittmouth;Female;Afghanistan;02/05/2016 07:00;1
77.22;73.87;30;64802.33;224.44;Object-based reciprocal knowledgebase;Port Jacqueline;Male;Cameroon;05/01/2016 07:52;1
84.59;60.67;35;60015.57;226.54;Streamlined non-volatile analyzer;Lake Nicole;Male;Cameroon;18/03/2016 13:22;1
87.29;75.49;36;61628.72;209.93;Future-proofed methodical protocol;Pamelamouth;Male;Korea;23/03/2016 09:43;1
78.74;70.06;28;64828.0;204.79;Public-key foreground groupware;Port Danielleberg;Male;Monaco;27/05/2016 15:25;1
76.02;63.08;22;46179.97;209.82;Business-focused value-added definition;West Guybury;Female;Bouvet Island (Bouvetoya);27/01/2016 12:38;1
67.64;65.55;35;51473.28;267.01;Programmable asymmetric data-warehouse;Phelpschester;Male;Peru;02/07/2016 20:23;1
86.41;63.77;28;45593.93;207.48;Digitized static capability;Lake Melindamouth;Male;Aruba;01/03/2016 22:13;1
84.37;69.58;30;61389.5;201.58;Synchronized systemic hierarchy;Johnstad;Female;Luxembourg;12/04/2016 03:26;1
65.82;44.26;39;76435.3;221.94;Reactive demand-driven capacity;Kellytown;Female;Ukraine;09/02/2016 05:28;1
84.98;64.18;29;57691.95;202.61;Innovative user-facing extranet;Mackenziemouth;Female;Russian Federation;27/04/2016 09:27;1
64.24;40.61;30;59784.18;252.36;Front-line intermediate database;Zacharystad;Female;Tunisia;16/04/2016 11:53;1
82.52;60.45;32;66572.39;198.11;Persevering exuding system engine;North Joshua;Male;Turkmenistan;08/05/2016 15:38;1
81.38;69.34;31;64929.61;212.3;Balanced dynamic application;Bowenview;Female;Saint Helena;08/02/2016 00:23;1
80.47;60.90;25;57519.64;204.86;Reduced global support;Jamesberg;Female;Niger;11/02/2016 13:26;1
69.62;47.23;20;50983.75;202.25;Business-focused encompassing neural-net;New Sharon;Male;Qatar;26/02/2016 22:46;1
85.4;75.48;43;67058.72;198.72;Triple-buffered demand-driven alliance;Johnport;Female;Sri Lanka;08/06/2016 18:54;1
73.18;53.04;23;61526.25;196.71;Organized static focus group;Hollandberg;Male;British Virgin Islands;04/04/2016 07:07;1
79.94;75.72;28;58526.04;225.29;Visionary reciprocal circuit;Odomville;Female;United Kingdom;03/05/2016 21:19;1
80.6;74.39;31;67479.62;177.55;Sharable bottom-line solution;Thomasview;Female;Croatia;07/04/2016 03:56;1
77.63;65.46;29;56113.37;239.22;Upgradable asynchronous circuit;Port Gregory;Female;Azerbaijan;14/02/2016 17:05;1
85.61;76.70;27;47708.42;183.43;Customer-focused empowering ability;Lake Amy;Female;Burundi;30/04/2016 08:07;1
85.84;83.06;34;64654.66;192.93;Front-line heuristic data-warehouse;Lake Annashire;Male;Saint Vincent and the Grenadines;15/06/2016 05:30;1
72.08;51.16;29;71228.44;169.5;Stand-alone national attitude;Smithburgh;Female;Burundi;09/03/2016 14:45;1
86.06;68.14;32;61601.05;178.92;Focused upward-trending core;North Leonmouth;Male;Bulgaria;31/03/2016 20:55;1
62.42;50.27;29;73910.9;198.5;Upgradable optimizing toolset;Jasminefort;Male;Canada;10/03/2016 23:36;1
75.74;70.93;25;61005.87;215.25;Ergonomic multi-state structure;New Sheila;Male;Tunisia;16/01/2016 11:35;1
69.01;64.89;46;74543.81;222.63;Advanced full-range migration;New Michaeltown;Female;Turks and Caicos Islands;07/07/2016 13:37;1
64.1;47.12;22;60465.72;215.93;Seamless object-oriented structure;East Tiffanyport;Female;Cote d'Ivoire;01/04/2016 16:21;1
82.73;62.09;33;54541.56;238.99;Grass-roots impactful system engine;Cranemouth;Male;Qatar;20/05/2016 21:31;1
78.11;76.41;27;63296.87;209.25;Progressive analyzing attitude;East Shawnchester;Male;Moldova;30/01/2016 16:10;1
73.46;55.16;28;65653.47;222.75;Innovative executive encoding;West Joseph;Male;Nicaragua;15/05/2016 14:41;1
70.79;59.81;31;74535.94;184.1;Distributed tertiary system engine;Sharpberg;Female;Bouvet Island (Bouvetoya);15/03/2016 15:49;1
77.51;64.18;36;73600.28;200.55;Total 5thgeneration encoding;North Kristine;Female;Central African Republic;01/07/2016 04:41;1
70.03;59.38;26;64264.25;227.72;Versatile 4thgeneration system engine;Bradleyborough;Male;Samoa;22/05/2016 20:49;1
72.84;56.35;26;52968.22;238.63;Progressive empowering alliance;Wongland;Female;Albania;08/07/2016 21:18;1
79.71;75.53;34;69456.83;211.65;Seamless holistic time-frame;Benjaminchester;Male;Bangladesh;02/07/2016 14:57;1
63.6;44.05;23;51864.77;235.28;Centralized logistical secured line;Youngburgh;Male;Serbia;01/06/2016 09:27;1
89.91;85.79;40;59593.56;194.23;Innovative background conglomeration;Wallacechester;Female;Maldives;09/07/2016 14:55;1
68.18;65.02;21;48376.14;218.17;Switchable 3rdgeneration hub;Sanchezmouth;Male;Czech Republic;09/02/2016 22:04;1
66.49;41.83;20;56884.74;202.16;Polarized 6thgeneration info-mediaries;Bradshawborough;Female;Guernsey;10/06/2016 11:31;1
80.49;62.88;40;67186.54;229.12;Balanced heuristic approach;Amyhaven;Male;Tanzania;14/02/2016 03:50;1
72.23;66.64;25;46557.92;241.03;Focused 24hour implementation;Marcushaven;Male;Bhutan;05/07/2016 17:17;1
74.02;49.05;32;72272.9;210.54;Operative system-worthy protocol;Johnstad;Female;Micronesia;09/03/2016 14:57;1
71.0;61.24;22;56067.38;211.87;Extended systemic policy;Andersonton;Female;Eritrea;14/03/2016 06:46;1
69.0;62.46;32;72683.35;221.21;Virtual composite model;Port Susan;Male;Trinidad and Tobago;11/02/2016 04:37;1
76.99;56.79;31;56729.78;244.34;Switchable mobile framework;West Angelabury;Male;Jersey;22/06/2016 07:33;1
86.19;67.59;31;57669.41;210.26;Pre-emptive executive knowledgebase;Lopezmouth;Male;Greece;08/05/2016 12:51;1
49.58;47.77;26;56791.75;231.94;Self-enabling holistic process improvement;Johnsport;Female;Benin;07/04/2016 16:02;1
77.65;74.29;27;63274.88;212.79;Horizontal client-driven hierarchy;South Ronald;Female;Papua New Guinea;04/02/2016 13:30;1
79.57;75.28;31;61227.59;230.93;User-friendly asymmetric info-mediaries;Lisaberg;Female;Egypt;17/05/2016 04:27;1
89.05;82.17;45;57868.44;206.98;Polarized bandwidth-monitored moratorium;Stewartbury;Female;Falkland Islands (Malvinas);03/04/2016 10:07;1
70.41;51.00;27;66618.21;223.03;Centralized systematic knowledgebase;Benjaminchester;Female;Dominica;04/04/2016 21:30;1
67.36;54.38;37;73104.47;233.56;Future-proofed grid-enabled implementation;North Wesleychester;Female;Jersey;06/07/2016 16:00;1
75.7;73.49;29;67633.44;215.44;Profound zero administration instruction set;Port Jeffrey;Female;United States Minor Outlying Islands;14/01/2016 00:23;1
71.89;69.34;23;61617.98;172.81;Function-based transitional complexity;Patriciahaven;Male;Kuwait;03/02/2016 23:47;1
75.8;70.01;38;70575.6;146.19;Progressive clear-thinking open architecture;Ashleychester;Male;Thailand;18/04/2016 11:23;1
83.86;78.55;31;64122.36;190.25;Up-sized executive moderator;Lake Josetown;Female;Gibraltar;05/02/2016 19:06;1
83.67;75.38;44;60192.72;234.26;Upgradable system-worthy array;West Shaun;Male;Saint Helena;06/02/2016 23:08;1
69.08;47.81;41;77460.07;210.6;Ergonomic client-driven application;Kimberlyhaven;Female;Turks and Caicos Islands;12/03/2016 01:39;1
58.18;51.76;25;69112.84;176.28;Polarized analyzing concept;Tinachester;Male;New Zealand;10/02/2016 06:37;1
78.54;67.50;35;72524.86;172.1;Multi-channeled asynchronous open system;Port Jodi;Female;Togo;28/05/2016 20:41;1
65.4;61.04;33;66699.12;247.31;Adaptive 24hour Graphic Interface;Sylviaview;Female;Palau;12/02/2016 22:51;1
79.52;71.39;27;64287.78;183.48;Automated coherent flexibility;East Timothyport;Male;Timor-Leste;10/06/2016 10:11;1
87.98;69.07;38;56637.59;222.11;Focused scalable complexity;West Roytown;Male;Cambodia;31/03/2016 10:44;1
80.46;58.78;27;61625.87;207.96;Digitized zero administration paradigm;Port Chasemouth;Male;Costa Rica;04/02/2016 02:13;1
76.32;52.52;35;74166.24;195.31;Networked foreground definition;East Michaeltown;Male;Korea;23/06/2016 00:16;1
82.68;61.63;33;62669.59;222.77;Re-engineered exuding frame;West Courtney;Male;Ukraine;20/06/2016 09:35;1
72.01;66.64;31;57756.89;251.0;Horizontal multi-state interface;West Michaelhaven;Female;Angola;29/02/2016 12:31;1
75.83;75.69;24;58019.64;162.44;Diverse stable circuit;Walshhaven;Female;Nauru;17/01/2016 15:10;1
86.06;73.99;31;53767.12;219.72;Extended local methodology;Timothytown;Male;Timor-Leste;28/04/2016 18:34;1
86.69;72.61;34;62238.58;198.56;Customer-focused attitude-oriented instruction set;South Jennifer;Female;Chad;27/05/2016 06:19;1
71.84;48.04;47;76003.47;199.79;Advanced exuding conglomeration;North Randy;Male;Malawi;08/05/2016 22:47;1
80.23;61.43;31;68094.85;196.23;Secured clear-thinking middleware;South Daniellefort;Female;Qatar;19/03/2016 14:23;1
74.41;65.20;26;64395.85;163.05;Right-sized value-added initiative;Dianashire;Female;Singapore;23/07/2016 04:37;1
71.74;61.41;35;72423.97;227.56;Multi-channeled reciprocal artificial intelligence;Hammondport;Female;Kazakhstan;19/07/2016 18:06;1
72.04;59.61;22;60309.58;199.43;Realigned systematic function;Hernandezfort;Female;Rwanda;10/02/2016 06:52;1
85.86;68.84;34;63115.34;208.23;Networked high-level structure;New Jeffreychester;Female;Bouvet Island (Bouvetoya);23/05/2016 02:15;1
67.58;54.12;41;65044.59;255.61;Focused high-level conglomeration;Ingramberg;Male;Mayotte;01/02/2016 19:42;1
85.56;81.15;29;53673.08;210.46;Advanced modular Local Area Network;South Denisefurt;Female;Samoa;05/06/2016 13:16;1
77.95;61.31;31;62572.88;233.65;Inverse asymmetric instruction set;Port Mathew;Male;Bahamas;02/06/2016 21:02;1
77.2;58.25;33;49325.48;254.05;Persistent homogeneous framework;North Elizabeth;Male;Philippines;12/02/2016 20:36;1
78.57;57.85;36;64045.93;239.32;Exclusive client-driven model;East Henry;Male;Liberia;27/03/2016 02:35;1
73.41;66.34;31;73049.3;201.26;Profound executive flexibility;Hollyfurt;Male;Guam;16/01/2016 08:01;1
77.05;57.16;27;66624.6;191.14;Reduced bi-directional strategy;North Anna;Female;United Arab Emirates;21/01/2016 23:48;1
66.4;60.48;40;77567.85;214.42;Digitized heuristic solution;Port Destiny;Female;Antigua and Barbuda;05/06/2016 00:29;1
69.35;55.83;29;53431.35;252.77;Seamless 4thgeneration contingency;Ianmouth;Male;Argentina;13/02/2016 15:37;1
70.04;52.22;31;74780.74;183.85;Intuitive radical forecast;Hannahside;Male;Jordan;27/03/2016 03:59;1
69.78;63.67;29;70410.11;218.79;Multi-layered non-volatile Graphical User Interface;Wilsonburgh;Female;Saudi Arabia;24/05/2016 18:35;1
76.9;70.47;28;66107.84;212.67;Synchronized multimedia model;Murphymouth;Female;Croatia;22/04/2016 08:31;1
84.08;69.51;30;62336.39;187.36;Face-to-face intermediate approach;Carterburgh;Male;Fiji;13/01/2016 02:58;1
76.81;65.25;28;65172.22;217.85;Managed zero tolerance concept;East Paul;Male;Fiji;03/07/2016 12:57;1
76.87;69.33;27;54774.77;235.35;Configurable fault-tolerant monitoring;Mcdonaldfort;Male;Kyrgyz Republic;29/05/2016 21:17;1
81.98;70.99;40;65461.92;229.22;Ameliorated upward-trending definition;Taylorberg;Female;Seychelles;15/04/2016 11:51;1
77.88;64.58;37;55353.41;254.57;Multi-tiered human-resource structure;Melissafurt;Female;Poland;02/07/2016 00:24;1
75.83;56.47;27;67516.07;200.59;Managed upward-trending instruction set;East Brianberg;Female;Estonia;04/03/2016 10:13;1
89.15;87.78;42;59886.58;171.07;Phased zero administration success;Townsendfurt;Female;Fiji;25/04/2016 07:30;1
70.68;55.21;31;74430.08;199.08;Configurable multi-state utilization;Robertbury;Female;Colombia;17/07/2016 01:58;1
76.06;71.04;23;58633.63;201.04;Diverse multi-tasking parallelism;New Tinamouth;Female;Brunei Darussalam;27/04/2016 04:28;1
66.67;61.23;33;72707.87;228.03;Horizontal content-based synergy;Turnerview;Male;Taiwan;21/04/2016 20:29;1
65.65;43.56;30;72209.99;158.05;Up-sized tertiary contingency;Ramosstad;Female;Finland;02/07/2016 21:22;1
73.27;56.21;32;67113.46;234.75;Streamlined analyzing initiative;Haleview;Male;Martinique;29/01/2016 20:16;1
85.84;85.35;32;62204.93;192.85;Up-sized 6thgeneration moratorium;Jonesland;Male;French Southern Territories;09/06/2016 21:43;1
85.03;82.11;30;60372.64;204.52;Expanded clear-thinking core;North Shannon;Female;Philippines;19/06/2016 09:24;1
70.44;48.81;24;65280.16;178.75;Polarized attitude-oriented superstructure;New Sonialand;Male;Algeria;06/06/2016 21:26;1
81.22;61.76;53;34309.24;223.09;Networked coherent interface;Port Jason;Male;San Marino;07/01/2016 13:25;1
76.7;53.97;36;71136.49;222.25;Open-source coherent monitoring;West Russell;Female;Ecuador;12/06/2016 05:31;1
84.54;78.85;33;64902.47;204.02;Synchronized stable complexity;North Tracyport;Male;Moldova;02/03/2016 10:07;1
81.03;80.62;28;63727.5;201.15;Persevering tertiary capability;Masonhaven;Female;Venezuela;06/01/2016 13:20;1
80.91;71.67;32;61608.23;231.42;Enterprise-wide bi-directional secured line;Derrickhaven;Female;Cuba;31/01/2016 04:10;1
83.47;71.15;39;64447.77;226.11;Total directional approach;New Brandy;Female;Turkey;15/05/2016 20:48;1
74.65;49.93;28;67669.06;212.56;Robust transitional ability;East Timothy;Female;French Southern Territories;17/03/2016 05:00;1
84.04;81.33;38;50723.67;244.55;Self-enabling didactic pricing structure;West Alyssa;Female;Malaysia;20/07/2016 09:27;1
72.44;70.74;34;70547.16;230.14;Customizable tangible hierarchy;Bruceburgh;Female;Christmas Island;15/04/2016 14:45;1
79.15;63.57;26;62312.23;203.23;Intuitive explicit conglomeration;Port Robin;Female;Greenland;20/01/2016 19:09;1
73.04;54.19;37;73687.5;221.79;Organic contextually-based focus group;Erinmouth;Male;Senegal;19/06/2016 22:26;1
76.28;61.06;33;52686.47;254.34;Right-sized asynchronous website;Port Aliciabury;Female;Guadeloupe;15/02/2016 07:55;1
68.88;65.42;37;78119.5;179.58;Advanced 5thgeneration capability;Port Whitneyhaven;Female;Belgium;09/02/2016 19:37;1
73.1;67.99;28;57014.84;242.37;Universal asymmetric archive;Jeffreyshire;Female;Israel;25/01/2016 07:52;1
87.3;71.90;35;58337.18;216.87;Triple-buffered regional toolset;North Loriburgh;Female;Estonia;09/01/2016 07:28;1
89.34;78.59;32;50216.01;177.78;Object-based executive productivity;Wendyton;Male;Paraguay;21/03/2016 21:15;1
81.37;58.33;26;53049.44;156.48;Business-focused responsive website;Lake Jacqueline;Male;Kyrgyz Republic;15/02/2016 12:25;1
81.67;61.73;28;62927.96;196.76;Visionary analyzing structure;North Christopher;Male;Mauritania;04/03/2016 08:48;1
71.76;55.55;35;69285.69;237.39;Customizable zero-defect matrix;South Tomside;Female;Saint Pierre and Miquelon;26/05/2016 13:18;1
75.15;58.47;22;52011.0;212.87;Universal global intranet;Jamiefort;Male;Austria;04/05/2016 12:06;1
82.87;71.02;37;67938.77;213.36;Front-line fresh-thinking open system;West Brenda;Female;Tonga;28/06/2016 20:13;1
84.71;66.59;32;61610.05;210.23;Reactive responsive emulation;Greenechester;Female;Taiwan;29/05/2016 07:29;1
81.61;81.30;33;62667.51;228.76;Enterprise-wide local matrices;Gravesport;Female;Morocco;17/04/2016 15:46;1
71.55;59.01;36;75687.46;163.99;Inverse next generation moratorium;South Troy;Male;Suriname;20/07/2016 23:08;1
82.4;58.98;36;66744.65;218.97;Implemented bifurcated workforce;Lake Patrick;Male;Macedonia;29/06/2016 03:07;1
73.95;54.83;35;67714.82;238.58;Persevering even-keeled help-desk;Millerland;Female;Wallis and Futuna;10/04/2016 14:48;1
72.07;49.59;31;69710.51;226.45;Grass-roots eco-centric instruction set;Port Jessicamouth;Female;Chile;16/04/2016 16:38;1
80.39;60.09;31;66269.49;214.74;Fully-configurable incremental Graphical User Interface;Paulport;Female;Gabon;03/05/2016 08:21;1
65.8;62.43;25;60843.32;231.49;Expanded radical software;Clineshire;Male;Gabon;18/03/2016 16:04;1
69.97;65.70;28;55041.6;250.0;Mandatory 3rdgeneration moderator;Cynthiaside;Female;Holy See (Vatican City State);22/05/2016 00:01;1
84.79;65.54;33;61771.9;214.53;Managed eco-centric encoding;New Juan;Female;Cameroon;30/03/2016 19:09;1
82.7;61.90;35;61383.79;231.07;Visionary multi-tasking alliance;Amyfurt;Female;Somalia;09/01/2016 15:49;1
84.88;67.06;32;63924.82;186.48;Ameliorated tangible hierarchy;Harrishaven;Female;Lebanon;18/04/2016 03:41;1
76.56;54.15;34;70179.11;221.53;Universal bi-directional extranet;Jeremyshire;Male;Dominica;23/04/2016 08:15;1
69.74;61.10;49;66524.8;243.37;Enhanced maximized access;Birdshire;Female;Hungary;27/03/2016 16:41;1
72.19;59.82;33;61275.18;250.35;Synchronized national infrastructure;Curtisview;Male;Saint Lucia;19/05/2016 11:16;1
84.29;69.62;41;60638.38;232.54;Re-contextualized systemic time-frame;Jacksonmouth;Female;Niue;27/01/2016 20:47;1
75.84;65.40;21;48537.18;186.98;Reactive bi-directional workforce;Hayesmouth;Female;Cyprus;07/02/2016 07:41;1
73.38;59.46;25;53058.91;236.19;Horizontal transitional challenge;South Corey;Male;French Southern Territories;21/04/2016 09:30;1
80.72;57.33;31;68614.98;186.37;Re-engineered neutral success;Juliaport;Female;Costa Rica;19/04/2016 05:15;1
90.97;72.27;37;54520.14;180.77;Multi-lateral empowering throughput;Kimberlytown;Female;Congo;16/02/2016 18:21;1
86.78;82.76;30;54952.42;170.13;Fundamental zero tolerance solution;New Steve;Male;United States of America;18/02/2016 23:08;1
66.18;49.81;35;69476.42;243.61;Proactive asymmetric definition;New Johnberg;Female;Pitcairn Islands;25/03/2016 08:40;1
84.33;82.95;41;54989.93;240.95;Pre-emptive zero tolerance Local Area Network;Shawstad;Female;Belize;16/03/2016 00:28;1
76.84;72.04;32;65883.39;231.59;Reduced incremental productivity;Faithview;Female;Singapore;03/03/2016 22:31;1
67.05;52.23;25;65421.39;220.92;Realigned scalable standardization;Richardsontown;Female;Finland;26/02/2016 09:54;1
80.71;66.04;26;58476.57;200.58;Team-oriented context-sensitive installation;East Christopherbury;Female;Cameroon;24/06/2016 05:50;1
80.09;70.66;31;66636.84;214.08;Pre-emptive systematic budgetary management;Port Christinemouth;Female;Sweden;23/05/2016 21:00;1
79.36;58.78;34;57260.41;245.78;Profound maximized workforce;Hessstad;Male;Bosnia and Herzegovina;28/04/2016 22:54;1
86.38;71.54;40;66359.32;188.27;Cross-platform 4thgeneration focus group;Rhondaborough;Male;Singapore;19/03/2016 14:57;1
87.26;68.84;35;63060.55;184.03;Multi-layered tangible portal;New Paul;Female;Bosnia and Herzegovina;12/05/2016 04:35;1
75.32;65.08;28;59998.5;233.6;Reduced mobile structure;Lake Angela;Male;Mauritius;01/01/2016 21:58;1
74.38;62.71;40;74024.61;220.05;Enhanced zero tolerance Graphic Interface;East Graceland;Male;Indonesia;13/03/2016 13:50;1
65.9;55.55;22;60550.66;211.39;De-engineered tertiary secured line;Hartport;Female;Czech Republic;16/07/2016 14:13;1
88.12;84.24;38;46653.75;230.91;Realigned next generation projection;Hurleyborough;Female;Gibraltar;17/02/2016 07:05;1
83.97;74.91;28;56986.73;205.5;Reactive needs-based instruction set;Garychester;Male;Haiti;16/06/2016 02:33;1
65.77;41.08;21;42162.9;218.61;Function-based fault-tolerant model;Contrerasshire;Male;Eritrea;18/03/2016 17:35;1
81.58;75.89;25;39699.13;199.39;Decentralized needs-based analyzer;Erikville;Female;Hong Kong;11/05/2016 22:02;1
76.2;74.67;37;75044.35;178.51;Multi-layered fresh-thinking process improvement;Karenton;Female;Barbados;29/02/2016 19:26;1
74.49;67.96;28;58996.12;237.34;Persevering eco-centric flexibility;Lake Adrian;Female;Peru;30/01/2016 16:15;1
73.71;52.21;23;56605.12;211.38;Inverse local hub;New Sheila;Male;El Salvador;15/02/2016 05:35;1
78.19;59.43;30;62475.99;228.81;Triple-buffered needs-based Local Area Network;Mollyport;Female;Libyan Arab Jamahiriya;31/01/2016 06:14;1
79.54;60.99;44;70492.6;217.68;Centralized multi-state hierarchy;Sandraland;Male;Cambodia;05/01/2016 16:34;1
87.09;70.14;36;57737.51;221.98;Synergized coherent interface;Luischester;Male;Reunion;21/04/2016 16:10;1
83.4;82.67;34;66691.23;207.87;Polarized multimedia system engine;West Daleborough;Female;Azerbaijan;22/05/2016 21:54;1
79.72;63.53;28;66025.11;193.8;Configurable tertiary budgetary management;Wrightburgh;Male;Albania;20/05/2016 12:17;1
69.11;63.15;42;73608.99;231.48;Face-to-face mission-critical definition;Novaktown;Male;Faroe Islands;21/04/2016 12:34;1
72.45;55.10;29;72325.91;195.36;Centralized 24hour synergy;Robertmouth;Male;Svalbard & Jan Mayen Islands;11/01/2016 06:02;1
77.07;71.58;40;44559.43;261.02;Face-to-face analyzing encryption;Stephenborough;Female;Afghanistan;01/03/2016 10:01;1
74.62;61.09;36;73207.15;217.79;Self-enabling even-keeled methodology;Lake Kurtmouth;Female;Rwanda;04/04/2016 08:19;1
82.07;65.29;25;46722.07;205.38;Function-based optimizing extranet;Lauraburgh;Male;Panama;20/06/2016 06:30;1
79.44;78.14;26;60845.55;206.79;Public-key zero-defect analyzer;West Thomas;Female;Greece;15/05/2016 13:18;1
73.19;63.61;25;64267.88;203.74;Cloned incremental matrices;North Ronaldshire;Male;Pakistan;19/01/2016 12:18;1
77.6;62.96;24;58151.87;197.33;Open-architected system-worthy task-force;Greghaven;Male;Anguilla;26/05/2016 15:40;1
89.0;84.38;37;52079.18;222.26;Devolved regional moderator;Jordanmouth;Male;Cyprus;26/01/2016 15:56;1
81.11;63.75;39;56216.57;248.19;Total cohesive moratorium;South Robert;Male;Chad;13/07/2016 11:41;1
80.22;59.30;30;61806.31;224.58;Integrated motivating neural-net;New Tyler;Female;Kyrgyz Republic;05/07/2016 15:14;1
77.66;66.41;29;67080.94;168.15;Operative scalable emulation;Reyesland;Female;Gabon;19/06/2016 22:08;1
74.63;66.76;26;51975.41;235.99;Enhanced asymmetric installation;New Traceystad;Male;Dominican Republic;05/07/2016 20:16;1
80.59;57.94;37;67744.56;224.23;Robust responsive collaboration;Lake Courtney;Female;Croatia;21/07/2016 23:14;1
83.49;70.17;33;66574.0;190.75;Polarized logistical hub;Samuelborough;Male;Cambodia;03/06/2016 17:32;1
68.1;54.19;40;74903.41;227.73;Reactive composite project;Thomasstad;Male;Honduras;05/02/2016 16:50;1
78.83;71.31;36;66050.63;234.64;Future-proofed responsive matrix;New Wanda;Male;Qatar;08/05/2016 12:08;1
79.97;64.66;44;70449.04;216.0;Programmable empowering middleware;Mariebury;Female;China;13/07/2016 01:48;1
80.51;74.42;28;64008.55;200.28;Robust dedicated system engine;Christopherville;Male;Bangladesh;08/01/2016 02:34;1
62.26;55.43;26;70203.74;202.77;Public-key mission-critical core;New Jasmine;Female;Swaziland;08/06/2016 12:25;1
71.05;57.59;20;49544.41;204.22;Self-enabling asynchronous knowledge user;Jenniferstad;Male;Eritrea;13/06/2016 22:41;1
76.24;59.00;40;75524.78;198.32;Managed impactful definition;Bakerhaven;Male;Burkina Faso;31/05/2016 23:42;1
77.29;74.93;27;66265.34;201.24;Grass-roots 4thgeneration forecast;Paulshire;Male;Tuvalu;15/02/2016 03:43;1
84.95;71.72;34;56379.3;230.36;Mandatory dedicated data-warehouse;Lake Brian;Female;Madagascar;26/02/2016 17:01;1
87.23;71.95;29;51015.11;202.12;Re-engineered responsive definition;Lake Kevin;Female;American Samoa;26/03/2016 19:54;1
81.58;73.07;41;55479.62;248.16;Cloned explicit middleware;East Sheriville;Female;Moldova;27/01/2016 17:55;1
78.68;74.07;29;66225.72;208.05;Inverse high-level capability;Leonchester;Female;Israel;16/01/2016 16:40;1
68.82;48.63;20;38609.2;205.64;Cross-platform client-server hierarchy;Ramirezland;Male;Bolivia;11/07/2016 15:45;1
86.63;74.72;39;63764.28;209.64;Face-to-face multimedia success;New Jessicaport;Male;Costa Rica;06/04/2016 21:20;1
72.92;66.40;29;69428.73;217.1;Customizable mission-critical adapter;Port Melissastad;Male;Czech Republic;15/03/2016 17:33;1
77.14;75.47;24;60283.98;184.88;Horizontal heuristic synergy;Janiceview;Male;Iceland;21/01/2016 18:51;1
60.7;59.88;43;79332.33;192.6;Multi-tiered multi-state moderator;Mataberg;Male;Palau;06/06/2016 22:41;1
83.71;59.11;45;64564.07;220.48;Organized demand-driven knowledgebase;Millerfort;Male;Kazakhstan;17/04/2016 19:10;1
81.99;60.10;33;61270.14;230.9;Inverse bi-directional knowledge user;Taylorport;Female;French Polynesia;15/02/2016 14:13;1
84.69;81.34;31;46160.63;231.85;Right-sized transitional parallelism;Emilyfurt;Male;Maldives;07/07/2016 23:32;1
88.72;84.66;32;43870.51;211.87;Customer-focused system-worthy superstructure;East John;Male;Zambia;03/01/2016 17:10;1
88.89;84.14;35;50439.49;218.8;Balanced 4thgeneration success;East Deborahhaven;Male;Cook Islands;17/07/2016 18:55;1
85.23;78.89;36;64238.71;212.92;Visionary client-driven installation;Paulhaven;Male;Senegal;27/02/2016 12:34;1
83.55;79.75;39;65816.38;221.18;Switchable well-modulated infrastructure;Elizabethmouth;Male;Myanmar;08/06/2016 20:13;1
56.39;41.30;27;38817.4;248.12;Configurable tertiary capability;North Tylerland;Male;Bahrain;23/03/2016 21:06;1
76.24;54.22;27;63976.44;214.42;Monitored dynamic instruction set;Munozberg;Female;Puerto Rico;07/06/2016 01:29;1
78.18;77.90;23;52691.79;167.67;Customer-focused full-range neural-net;West Barbara;Female;Bolivia;09/06/2016 19:32;1
79.4;61.12;35;63966.72;236.87;User-centric intangible contingency;New Gabriel;Female;Malaysia;01/04/2016 09:21;1
73.72;71.53;32;52140.04;256.4;Universal contextually-based system engine;Richardsland;Male;Thailand;18/03/2016 02:39;1
73.93;60.36;44;74180.05;218.22;Quality-focused scalable utilization;Lake Matthewland;Female;Niue;20/02/2016 00:06;1
77.69;77.23;22;48852.58;169.88;Horizontal heuristic support;Morganfort;Male;Angola;21/06/2016 14:32;1
80.67;67.22;34;58909.36;239.76;Seamless impactful info-mediaries;Jamesville;Female;Portugal;01/01/2016 02:52;1
83.42;71.56;25;49850.52;183.42;Advanced heuristic firmware;East Toddfort;Male;Austria;04/03/2016 14:10;1
66.17;66.09;33;69869.66;238.45;Cross-group neutral synergy;West Lucas;Female;Panama;20/01/2016 00:26;1
80.05;76.95;25;45959.86;219.94;Networked stable open architecture;Lindaside;Male;Christmas Island;08/03/2016 05:48;1
79.82;76.91;26;51512.66;223.28;Function-based directional productivity;Jayville;Male;Micronesia;17/07/2016 22:04;1
74.88;68.94;27;67240.25;175.17;Organized empowering policy;Sarahton;Male;Sudan;17/04/2016 06:58;1
88.04;87.46;45;62589.84;191.17;Profound explicit hardware;Lake Deborahburgh;Male;Saint Vincent and the Grenadines;07/03/2016 20:02;1
65.65;57.60;25;63879.72;224.92;Intuitive explicit firmware;Sandraville;Male;Cook Islands;03/06/2016 06:34;1
67.69;55.85;37;76408.19;216.57;Monitored content-based implementation;Lake Jasonchester;Female;Finland;18/07/2016 18:33;1
78.37;63.99;24;55015.08;207.27;Quality-focused zero-defect budgetary management;Pearsonfort;Female;Pakistan;23/01/2016 04:47;1
81.46;73.10;29;51636.12;231.54;Intuitive fresh-thinking moderator;Sellerstown;Female;Ireland;29/02/2016 11:00;1
75.15;55.34;33;71296.67;219.49;Synchronized zero tolerance product;Smithtown;Male;France;19/06/2016 18:19;1
78.76;62.52;24;46422.76;219.98;Reactive interactive protocol;Joanntown;Male;Austria;08/01/2016 08:08;1
57.11;53.83;22;;207.17;Self-enabling tertiary challenge;Lake Jonathanview;Male;Dominican Republic;07/06/2016 23:46;1
83.26;80.75;40;70225.6;187.76;Decentralized foreground infrastructure;Alanview;Male;Tonga;02/01/2016 14:36;1
69.42;54.13;25;65791.17;213.38;Quality-focused hybrid frame;Carterport;Female;Lao People's Democratic Republic;13/02/2016 04:16;1
83.97;59.12;40;66291.67;158.42;Progressive asynchronous adapter;West Lisa;Male;Croatia;02/02/2016 11:49;1
76.56;71.77;30;68030.18;213.75;Business-focused high-level hardware;Greentown;Female;Brunei Darussalam;08/03/2016 10:39;1
80.29;72.96;31;49457.48;244.87;Ameliorated contextually-based collaboration;Teresahaven;Male;Netherlands Antilles;30/06/2016 00:40;1
59.88;57.14;30;75535.14;193.63;Reverse-engineered content-based intranet;West Michaelstad;Male;French Polynesia;02/03/2016 05:11;1
81.59;68.56;35;65826.53;223.16;Managed disintermediate capability;North Lisachester;Female;Holy See (Vatican City State);04/07/2016 11:03;1
81.1;58.87;29;61172.07;216.49;Front-line dynamic model;Port Stacy;Male;El Salvador;08/07/2016 03:47;1
73.94;65.94;27;68333.01;173.49;Function-based incremental standardization;North Alexandra;Female;Myanmar;10/02/2016 13:46;1
79.81;78.52;37;51847.26;253.17;Realigned global initiative;Garnerberg;Female;United States Virgin Islands;13/05/2016 14:12;1
66.17;55.24;26;63580.22;228.7;Business-focused maximized complexity;North Anaport;Female;Mexico;02/05/2016 00:01;1
80.47;65.72;42;70505.06;215.18;Grass-roots multimedia policy;East Jennifer;Male;Mali;21/02/2016 05:23;1
77.05;61.68;31;62161.26;236.64;Upgradable local migration;Hallfort;Female;Jamaica;20/03/2016 22:27;1
79.36;61.95;33;62330.75;234.72;Cross-platform directional intranet;East Susanland;Male;Gambia;02/01/2016 04:50;1
70.29;65.98;26;62053.37;231.37;Vision-oriented multi-tasking success;Shirleyfort;Male;Puerto Rico;28/03/2016 19:48;1
84.53;69.26;33;61922.06;215.18;Optional multi-state hardware;Douglasview;Male;Norfolk Island;11/07/2016 09:32;1
81.51;64.00;41;53412.32;250.03;Future-proofed modular utilization;Kingshire;Female;Guinea;19/05/2016 09:30;1
84.81;74.33;32;43299.63;233.93;Multi-layered stable encoding;Brownbury;Male;Greece;04/07/2016 23:17;1
79.16;69.64;32;69562.46;202.9;Compatible intermediate concept;East Timothy;Male;Sri Lanka;30/03/2016 20:23;1
79.91;79.78;32;62772.42;230.18;Total zero administration software;South Stephanieport;Male;United Arab Emirates;17/06/2016 03:02;1
66.14;56.54;41;78092.95;165.27;Re-engineered impactful software;North Isabellaville;Female;Western Sahara;23/03/2016 08:52;1
59.61;54.48;21;60637.62;198.45;Future-proofed coherent budgetary management;Port James;Male;Cambodia;06/04/2016 05:55;1
89.37;79.05;34;42760.22;162.03;Compatible dedicated productivity;Port Stacey;Male;Australia;16/04/2016 12:26;1
79.53;69.77;51;46132.18;244.91;Managed 6thgeneration hierarchy;Reyesfurt;Female;Barbados;26/06/2016 04:22;1
91.43;82.01;39;46964.11;209.91;Organic motivating model;West Carmenfurt;Male;French Polynesia;07/07/2016 03:55;1
73.57;53.78;30;70377.23;212.38;Pre-emptive transitional protocol;North Stephanieberg;Female;Uruguay;20/03/2016 08:22;1
78.76;67.93;32;70012.83;208.02;Managed attitude-oriented Internet solution;East Valerie;Male;Uruguay;20/04/2016 10:04;1
76.49;65.74;23;56457.01;181.11;Public-key asynchronous matrix;Sherrishire;Female;Brazil;25/03/2016 05:05;1
61.72;38.09;26;67279.06;218.49;Grass-roots systematic hardware;Port Daniel;Female;Venezuela;14/02/2016 07:15;1
84.53;64.94;35;54773.99;236.29;User-centric composite contingency;Brownview;Female;Myanmar;26/03/2016 00:32;1
72.03;65.48;34;70783.94;230.95;Up-sized bi-directional infrastructure;Greerton;Male;Malta;05/07/2016 22:33;1
77.47;61.32;36;70510.59;222.91;Assimilated actuating policy;Hatfieldshire;Male;Jamaica;14/03/2016 03:29;1
75.65;71.35;39;64021.55;247.9;Organized upward-trending contingency;Brianabury;Male;Bahrain;30/05/2016 02:34;1
78.15;67.51;33;72042.85;194.37;Ergonomic neutral portal;New Maria;Female;Algeria;07/03/2016 22:32;1
76.59;57.01;29;67526.92;211.64;Reverse-engineered maximized focus group;Calebberg;Female;Georgia;18/06/2016 05:17;1
78.77;71.22;28;63497.62;211.83;Public-key intangible Graphical User Interface;Gomezport;Female;Guam;01/01/2016 08:27;1
83.4;64.82;39;60879.48;235.01;Advanced local task-force;Shaneland;Female;Tanzania;07/04/2016 01:57;1
79.53;57.72;33;61467.33;236.72;Profound well-modulated array;East Aaron;Female;Indonesia;28/02/2016 22:02;1
73.89;71.78;35;70495.64;229.99;Multi-channeled asymmetric installation;Dustinborough;Male;Somalia;26/06/2016 17:25;1
75.8;55.54;36;71222.4;224.9;Multi-layered fresh-thinking neural-net;East Michaelland;Female;Belize;21/01/2016 04:30;1
81.95;79.36;31;64698.58;208.76;Distributed cohesive migration;East Connie;Male;Serbia;01/05/2016 21:46;1
72.53;58.41;37;73474.82;223.93;Synchronized grid-enabled moratorium;South Patrickfort;Female;Papua New Guinea;21/07/2016 10:01;1
79.67;65.99;28;58576.12;226.79;Total grid-enabled application;Charlesbury;Female;Comoros;20/07/2016 01:56;1
75.42;68.24;26;63373.7;164.25;Optional regional throughput;Millertown;Male;Western Sahara;26/02/2016 17:14;1
78.64;68.29;31;60283.47;235.28;Integrated client-server definition;South Renee;Male;Nicaragua;16/01/2016 17:56;1
59.52;50.30;44;67511.86;251.08;Managed 5thgeneration time-frame;Amandaland;Male;Bolivia;27/05/2016 18:45;1
62.26;50.54;37;77988.71;166.19;Vision-oriented uniform knowledgebase;West Robertside;Female;Malawi;26/05/2016 15:40;1
79.97;70.85;26;61747.98;185.45;Down-sized explicit budgetary management;Port Maria;Male;Nepal;08/01/2016 19:38;1
80.38;60.88;30;55130.96;238.06;Business-focused holistic benchmark;Port Anthony;Female;Albania;10/03/2016 07:07;1
64.51;54.21;42;79484.8;190.71;Virtual 5thgeneration neural-net;Edwardmouth;Male;Madagascar;29/04/2016 07:49;1
71.28;69.95;37;67307.43;246.72;Distributed scalable orchestration;Dustinchester;Male;Guyana;10/04/2016 16:08;1
72.76;57.50;33;66431.87;240.63;Virtual impactful algorithm;Williamsport;Male;India;10/05/2016 04:28;1
72.8;72.41;35;63551.67;249.54;Public-key solution-oriented focus group;Austinland;Female;Puerto Rico;03/01/2016 23:21;1
81.21;75.80;36;63394.41;233.04;User-friendly content-based customer loyalty;South Jaimeview;Female;Turkmenistan;02/01/2016 09:30;1
66.89;42.02;23;64433.99;208.24;Universal incremental array;Sandersland;Male;Honduras;04/01/2016 07:28;1
68.11;45.09;38;73884.48;231.21;Reactive national success;South Meredithmouth;Female;Seychelles;07/01/2016 21:21;1
78.6;54.27;46;41768.13;254.59;Enhanced systematic adapter;Lake Elizabethside;Male;Micronesia;20/07/2016 13:21;1
78.29;63.61;38;57844.96;252.07;Networked regional Local Area Network;Villanuevaton;Female;Liberia;05/01/2016 20:58;1
77.31;64.49;32;62792.43;238.1;Assimilated homogeneous service-desk;North Garyhaven;Female;Nepal;17/06/2016 20:18;1
73.15;57.72;25;64631.22;211.12;Face-to-face executive encryption;Lake Patrick;Male;Libyan Arab Jamahiriya;29/01/2016 07:14;1
82.07;77.05;24;50337.93;193.97;Monitored local Internet solution;Richardsonmouth;Female;Sri Lanka;14/06/2016 07:02;1
77.25;57.75;27;55901.12;231.38;Pre-emptive neutral contingency;Port Elijah;Male;Saint Vincent and the Grenadines;25/04/2016 16:58;1
74.84;66.38;37;64775.1;246.44;User-friendly impactful time-frame;Knappburgh;Male;Mongolia;14/01/2016 16:30;1
83.53;67.33;36;67686.16;204.56;Customizable methodical Graphical User Interface;New Dawnland;Female;Honduras;06/07/2016 05:34;1
78.36;65.89;24;58920.44;196.77;Multi-tiered foreground Graphic Interface;Kristineberg;Male;Kyrgyz Republic;24/06/2016 21:09;1
69.5;53.15;26;68348.99;203.84;Front-line systemic capability;Tranland;Female;Pakistan;27/02/2016 13:51;1
65.22;42.78;30;66263.37;240.09;Fully-configurable foreground solution;Michaelland;Male;Falkland Islands (Malvinas);07/05/2016 15:16;1
75.19;72.18;31;33502.57;245.76;Implemented discrete frame;Johnstonshire;Male;Tajikistan;16/06/2016 18:04;1
76.21;65.61;31;65834.97;228.94;Ameliorated exuding encryption;Lake Timothy;Male;Bolivia;19/06/2016 23:21;1
67.76;51.78;31;66176.97;242.59;Programmable high-level benchmark;Anthonyfurt;Female;Cameroon;24/05/2016 17:42;1
68.41;61.15;38;61428.18;259.76;Grass-roots empowering paradigm;Christopherchester;Female;Guinea-Bissau;30/04/2016 15:27;1
74.54;66.92;24;57518.73;219.75;Switchable secondary ability;Alexisland;Female;Bahamas;30/03/2016 16:15;1
81.75;61.32;24;52656.13;190.08;Open-architected web-enabled benchmark;Kevinchester;Male;Cape Verde;29/04/2016 18:53;1
87.85;68.81;31;52178.98;210.27;Compatible scalable emulation;New Patriciashire;Male;French Polynesia;14/06/2016 19:48;1
87.97;72.93;35;48918.55;149.25;Secured secondary superstructure;Port Brianfort;Male;France;24/03/2016 05:38;1
78.17;63.94;27;65227.79;192.27;Automated mobile model;Portermouth;Male;Burundi;26/04/2016 20:57;1
85.77;62.49;27;52261.73;191.78;Implemented disintermediate attitude;South Brian;Male;Morocco;09/04/2016 23:26;1
73.94;54.05;26;55411.06;236.15;Front-line non-volatile implementation;Lukeport;Male;Isle of Man;24/01/2016 01:53;1
63.43;63.30;29;66504.16;236.75;Ergonomic 24/7 solution;New Shane;Male;Peru;15/04/2016 10:18;1
84.59;72.06;36;47169.14;241.8;Integrated grid-enabled budgetary management;Lake Jillville;Male;Belgium;26/04/2016 13:13;1
70.13;67.31;31;70889.68;224.98;Profit-focused systemic support;Johnsonfort;Female;Croatia;16/05/2016 23:21;1
91.1;88.03;40;55499.69;198.13;Secured intermediate approach;Michaelmouth;Male;Bolivia;07/03/2016 22:51;1
74.06;50.14;23;40345.49;225.99;Phased content-based middleware;Port Davidland;Female;Wallis and Futuna;23/07/2016 06:18;1
81.29;68.76;28;33239.2;219.72;Synergized well-modulated Graphical User Interface;Lake Michael;Female;Mongolia;15/02/2016 20:41;1
76.07;62.25;36;68033.54;235.56;Implemented bottom-line implementation;West Michaelshire;Female;Denmark;23/01/2016 01:42;1
75.92;67.61;22;38427.66;182.65;Monitored context-sensitive initiative;Port Calvintown;Female;Russian Federation;26/02/2016 01:18;1
78.35;75.37;46;53185.34;253.48;Pre-emptive client-server open system;Parkerhaven;Female;Brazil;11/01/2016 02:07;1
66.04;60.03;27;71881.84;199.76;Synergistic non-volatile analyzer;Cassandratown;Female;Mauritius;05/03/2016 23:02;1
84.31;79.51;29;47139.21;225.87;Object-based optimal solution;West Dannyberg;Female;Djibouti;06/01/2016 21:43;1
83.66;59.53;38;68877.02;175.14;Profound dynamic attitude;East Debraborough;Female;Syrian Arab Republic;18/02/2016 03:58;1
81.25;62.84;33;65186.58;222.35;Enhanced system-worthy toolset;Frankchester;Male;Saint Martin;16/04/2016 14:15;1
85.26;68.99;32;55424.24;224.07;Reverse-engineered dynamic function;Lisafort;Male;Netherlands Antilles;24/02/2016 06:18;1
86.53;70.60;46;46500.11;233.36;Networked responsive application;Colemanshire;Female;Greece;29/06/2016 01:19;1
76.44;66.90;26;58820.16;224.2;Distributed intangible database;Troyville;Male;Madagascar;05/01/2016 06:34;1
85.24;75.62;31;61840.26;182.84;Optional contextually-based flexibility;Harrisonmouth;Male;Burkina Faso;17/06/2016 03:23;1
74.71;55.62;46;37908.29;258.06;Proactive local focus group;Port Eugeneport;Male;Czech Republic;13/06/2016 11:06;1
82.95;59.72;39;69805.7;201.29;Customer-focused impactful success;Karenmouth;Female;Lao People's Democratic Republic;05/04/2016 08:18;1
76.42;66.45;26;60315.19;223.16;Open-source optimizing parallelism;Brendaburgh;Male;Netherlands Antilles;17/04/2016 18:38;1
81.37;75.82;33;66412.04;215.04;Enhanced regional conglomeration;New Jessicaport;Female;Vietnam;15/01/2016 01:20;1
75.0;64.36;29;63965.16;230.36;Secured upward-trending benchmark;Perezland;Male;Eritrea;16/02/2016 02:29;1
79.61;59.96;31;58342.63;235.97;Customizable value-added project;Luisfurt;Female;Monaco;04/04/2016 21:23;1
77.89;65.94;26;64188.5;201.54;Switchable multi-state success;West Sharon;Female;Singapore;15/05/2016 03:10;1
89.21;75.97;33;44078.24;210.53;Fundamental clear-thinking knowledgebase;Lake Cynthia;Female;Reunion;19/07/2016 12:05;1
77.44;70.86;28;65620.25;210.39;Front-line incremental access;Lake Jacob;Female;Gabon;10/06/2016 04:21;1
82.58;80.53;38;65496.78;225.23;Open-architected zero administration secured line;West Samantha;Male;Dominica;11/03/2016 14:50;1
87.85;69.20;34;51816.27;153.01;Digitized interactive initiative;Meyerchester;Female;Turkmenistan;19/03/2016 08:00;1
78.01;62.67;26;62729.4;200.71;Focused multi-state workforce;Donaldshire;Male;French Guiana;28/03/2016 02:29;1
76.83;63.56;28;67990.84;192.81;Quality-focused 5thgeneration orchestration;Wintersfort;Female;Ecuador;04/03/2016 14:33;1
76.27;52.16;27;60082.66;226.69;Total coherent superstructure;Laurieside;Male;United Arab Emirates;18/06/2016 01:42;1
74.27;49.36;37;65180.97;247.05;Monitored executive architecture;Andrewmouth;Male;Burkina Faso;31/01/2016 09:57;1
73.27;70.63;28;67301.39;216.24;Front-line multi-state hub;West Angela;Male;Luxembourg;22/05/2016 15:17;1
74.58;69.39;36;70701.31;230.52;Configurable mission-critical algorithm;East Carlos;Female;Jamaica;22/07/2016 11:05;1
77.5;70.52;28;60997.84;225.34;Face-to-face responsive alliance;Kennedyfurt;Male;Antarctica (the territory South of 60 deg S);13/07/2016 14:05;1
87.16;66.17;33;60805.93;197.15;Reduced holistic help-desk;Blairville;Female;China;11/02/2016 11:50;1
87.16;74.25;37;50711.68;231.95;Pre-emptive content-based frame;East Donnatown;Male;Western Sahara;16/03/2016 20:33;1
68.25;61.19;33;76480.16;198.86;Organic well-modulated database;New Jamestown;Male;Vanuatu;30/05/2016 08:02;1
73.49;48.78;38;67132.46;244.23;Organic 3rdgeneration encryption;Mosleyburgh;Female;Vanuatu;14/02/2016 11:36;1
80.15;67.39;25;55195.61;214.49;Monitored intermediate circuit;West Wendyland;Female;Greenland;18/07/2016 02:51;1
86.76;70.08;28;48679.54;189.91;Object-based leadingedge complexity;Lawrenceborough;Female;Syrian Arab Republic;10/02/2016 08:21;1
73.88;67.89;29;63109.74;233.61;Digitized zero-defect implementation;Kennethview;Female;Saint Helena;04/01/2016 06:37;1
58.6;46.11;19;44490.09;197.93;Configurable impactful firmware;West Mariafort;Male;Lebanon;05/06/2016 21:38;1
77.65;64.69;28;66198.66;208.01;Configurable impactful capacity;Pamelamouth;Female;Ukraine;26/02/2016 19:35;1
76.02;72.13;40;73174.19;219.55;Distributed leadingedge orchestration;Lesliefort;Female;Malta;13/07/2016 14:30;1
78.84;64.05;26;56593.8;217.66;Persistent even-keeled application;Shawnside;Male;Italy;29/06/2016 07:20;1
81.9;73.22;41;66773.83;225.47;Multi-channeled 3rdgeneration model;Garciatown;Female;Mauritius;11/06/2016 06:47;1
69.96;45.76;31;73413.87;214.06;Realigned tangible collaboration;New Kayla;Male;Netherlands;20/05/2016 12:17;1
87.35;68.11;35;58114.3;158.29;Cloned dedicated analyzer;Carsonshire;Male;Gibraltar;26/01/2016 02:47;1
71.27;53.20;21;50147.72;216.03;Quality-focused bi-directional throughput;South Blakestad;Male;Senegal;11/01/2016 12:46;1
85.01;66.53;29;59797.64;192.5;Devolved exuding Local Area Network;Evansfurt;Female;Slovakia (Slovak Republic);03/05/2016 16:02;1
68.95;66.99;51;74623.27;185.85;Front-line bandwidth-monitored capacity;South Adamhaven;Male;United States Virgin Islands;15/03/2016 20:19;1
75.71;68.10;34;62109.8;246.06;Phased hybrid intranet;Barbershire;Female;Portugal;11/03/2016 10:01;1
48.22;47.52;40;73882.91;214.33;Inverse national core;Turnerville;Female;Norfolk Island;22/03/2016 19:14;1
76.76;64.75;25;50468.36;230.77;Secured uniform instruction set;Kylieview;Male;Niue;26/05/2016 13:28;1
78.74;62.94;27;51409.45;234.75;Quality-focused zero tolerance matrices;West Zacharyborough;Female;Ukraine;18/06/2016 19:10;1
67.47;46.70;24;60514.05;225.05;Multi-tiered heuristic strategy;Watsonfort;Male;Vanuatu;20/03/2016 07:12;1
81.17;66.04;30;57195.96;231.91;Optimized static archive;Dayton;Male;United States Minor Outlying Islands;03/06/2016 07:00;1
89.66;86.49;34;52802.58;171.23;Advanced didactic conglomeration;Nicholasport;Male;Armenia;03/02/2016 15:15;1
79.6;66.62;28;56570.06;227.37;Synergistic discrete middleware;Whitneyfort;Male;Sweden;03/05/2016 16:55;1
65.53;55.92;19;51049.47;190.17;Pre-emptive client-server installation;Coffeytown;Male;Timor-Leste;20/06/2016 02:25;1
61.87;39.56;35;66629.61;250.2;Multi-channeled attitude-oriented toolset;North Johnside;Male;French Southern Territories;10/07/2016 19:15;1
83.16;68.42;41;70185.06;194.95;Decentralized 24hour approach;Robinsonland;Female;Finland;04/01/2016 04:00;1
83.91;81.50;29;53223.58;222.87;Distributed bifurcated challenge;Haleberg;Female;Burundi;04/01/2016 22:27;1
79.8;71.14;28;57179.91;229.88;Customizable zero-defect Internet solution;West Michaelport;Male;Bahamas;08/04/2016 22:40;1
82.37;63.03;30;63664.32;207.44;Open-architected system-worthy ability;Estradafurt;Female;Tonga;29/06/2016 04:23;1
70.9;65.76;28;71727.51;190.95;Centralized client-driven workforce;Port Juan;Female;Kyrgyz Republic;17/06/2016 23:19;1
71.9;59.57;29;72203.96;193.29;De-engineered intangible flexibility;Williamsside;Male;Costa Rica;24/04/2016 07:20;1
54.35;34.50;42;76984.21;164.02;Proactive interactive service-desk;Lake Hailey;Female;Sweden;20/06/2016 08:22;1
77.75;66.34;31;59047.91;240.64;Multi-lateral motivating circuit;Coxhaven;Male;Paraguay;22/06/2016 17:19;1
70.61;66.64;28;72154.68;190.12;Assimilated encompassing portal;Meaganfort;Female;Italy;16/04/2016 05:24;1
82.72;75.21;31;65704.79;179.82;Cross-group global orchestration;North Monicaville;Female;Belarus;17/01/2016 05:07;1
76.87;55.78;36;72948.76;212.59;Down-sized bandwidth-monitored core;Mullenside;Female;South Georgia and the South Sandwich Islands;08/07/2016 22:30;1
65.07;46.53;34;73941.91;227.53;Monitored explicit hierarchy;Princebury;Male;Anguilla;11/03/2016 00:05;1
75.81;69.26;40;71157.05;229.19;Inverse zero-defect capability;Sanchezland;Female;Greenland;27/03/2016 19:50;1
72.94;49.70;31;74159.69;190.84;Multi-tiered real-time implementation;Rogerland;Female;Venezuela;29/04/2016 13:38;1
85.54;66.79;27;48761.14;175.43;Right-sized solution-oriented benchmark;Gilbertville;Male;Tokelau;31/03/2016 13:54;1
71.14;61.10;30;69758.31;224.82;Assimilated stable encryption;Newmanberg;Female;France;21/06/2016 00:52;1
64.38;40.04;19;52530.1;180.47;Configurable dynamic secured line;West Alice;Male;Gabon;27/05/2016 05:23;1
88.85;75.09;40;58363.12;213.96;Cloned optimal leverage;Cannonbury;Female;Bulgaria;17/01/2016 18:45;1
72.18;54.48;30;69438.04;225.02;De-engineered attitude-oriented projection;Lisamouth;Female;Bolivia;10/06/2016 22:21;1
80.55;61.15;35;68016.9;219.91;Extended grid-enabled hierarchy;Port Brittanyville;Female;British Virgin Islands;28/03/2016 23:01;1
80.46;62.26;29;56909.3;230.78;Mandatory coherent groupware;Carterton;Female;India;04/06/2016 09:13;1
82.69;79.86;29;61161.29;167.41;Fully-configurable eco-centric frame;Rachelhaven;Male;Georgia;24/05/2016 10:16;1
74.07;56.67;22;50950.24;165.43;Cross-group non-volatile secured line;Joneston;Male;Ghana;22/03/2016 04:13;1
85.62;60.73;29;57032.36;195.68;Triple-buffered systematic info-mediaries;South Dianeshire;Female;Iran;14/04/2016 21:37;1
56.56;34.36;26;68783.45;204.47;Compatible composite project;Port Jasmine;Male;Grenada;03/02/2016 22:11;1
75.64;69.60;29;69718.19;204.82;Pre-emptive well-modulated moderator;West Rhondamouth;Male;Iran;15/03/2016 19:35;1
79.22;73.75;27;63429.18;198.79;Intuitive modular system engine;North Debra;Male;Belgium;11/03/2016 12:39;1
77.05;67.99;34;65756.36;236.08;Centralized value-added hierarchy;Villanuevastad;Female;Namibia;17/05/2016 18:06;1
66.83;48.04;46;77871.75;196.17;Assimilated hybrid initiative;North Jeremyport;Male;Cyprus;28/02/2016 23:10;1
76.2;58.28;24;47258.59;228.81;Optimized coherent Internet solution;Lake Susan;Male;Japan;02/03/2016 06:35;1
83.89;60.71;28;60188.38;180.88;Ameliorated intermediate Graphical User Interface;Mariemouth;Male;Hong Kong;28/05/2016 12:20;1
79.89;73.92;30;50356.06;241.38;Synergized uniform hierarchy;Angelhaven;Male;United States of America;30/05/2016 08:35;1
84.25;72.56;32;63936.5;170.9;Pre-emptive client-driven secured line;New Sean;Male;Angola;10/04/2016 06:32;1
74.18;74.00;28;69874.18;203.87;Front-line even-keeled website;Lake Lisa;Female;Cayman Islands;20/01/2016 02:31;1
85.78;76.84;34;50038.65;232.78;Persistent fault-tolerant service-desk;Valerieland;Female;Swaziland;20/07/2016 21:53;1
80.96;80.49;39;67866.95;225.0;Integrated leadingedge frame;New Travis;Male;Wallis and Futuna;17/01/2016 04:12;1
81.98;72.66;34;67432.49;212.88;Up-sized maximized model;Patrickmouth;Female;Saint Martin;04/06/2016 09:25;1
79.6;71.78;39;73392.28;194.23;Organized global flexibility;Lake Deannaborough;Female;Rwanda;22/04/2016 07:48;1
82.3;66.43;31;56735.83;232.21;Balanced executive definition;Davieshaven;Female;Gabon;16/04/2016 08:36;1
79.09;68.98;32;69481.85;209.72;Optimized multimedia website;Hernandezchester;Male;Svalbard & Jan Mayen Islands;07/05/2016 21:32;1
68.47;49.07;28;67033.34;226.64;Focused coherent success;North Kennethside;Female;Poland;25/06/2016 00:33;1
83.69;78.90;36;68717.0;192.57;Robust context-sensitive neural-net;Shelbyport;Female;Fiji;23/03/2016 05:27;1
83.48;58.67;31;59340.99;222.72;Intuitive zero administration adapter;Williamport;Male;Philippines;04/03/2016 13:47;1
68.72;45.64;27;66861.67;225.97;Fundamental tangible moratorium;New Taylorburgh;Female;Austria;23/02/2016 17:37;1
63.11;41.41;34;63107.88;254.94;Balanced mobile Local Area Network;Port Karenfurt;Male;Micronesia;17/03/2016 22:59;1
78.24;66.25;23;54106.21;199.29;Sharable value-added solution;Deannaville;Female;Luxembourg;04/04/2016 11:39;1
74.61;67.84;38;71055.22;231.28;Networked impactful framework;East Christopher;Male;South Africa;06/04/2016 23:10;1
89.18;66.35;37;46403.18;224.01;Public-key impactful neural-net;Rickymouth;Male;Nepal;26/04/2016 21:45;1
88.82;64.42;36;58638.75;169.1;Assimilated discrete strategy;East Johnport;Female;Slovakia (Slovak Republic);30/01/2016 00:05;1
70.39;51.57;32;47357.39;261.52;Phased 5thgeneration open system;Sabrinaview;Male;Cayman Islands;12/07/2016 10:56;1
78.58;55.69;33;51772.58;250.11;Centralized user-facing service-desk;Chapmanland;Male;Vanuatu;16/04/2016 10:36;1
81.56;62.31;26;51363.16;213.7;Open-source scalable protocol;Juanport;Male;Zimbabwe;13/07/2016 21:31;1
82.8;69.90;30;58776.67;223.2;Enhanced systemic benchmark;West Steven;Male;Egypt;07/05/2016 08:39;1
78.51;56.65;25;59106.12;205.71;Focused web-enabled Graphical User Interface;Riggsstad;Male;Greece;17/01/2016 13:27;1
83.17;69.96;43;54251.78;244.4;Managed national hardware;Port Kevinborough;Male;Sri Lanka;05/04/2016 18:02;1
68.25;51.42;29;70324.8;220.08;Phased fault-tolerant definition;Wagnerchester;Female;Greenland;15/02/2016 16:18;1
81.32;62.03;25;52416.18;165.65;Pre-emptive next generation Internet solution;Daisymouth;Female;Moldova;08/03/2016 05:12;1
76.64;72.83;39;66217.31;241.5;Reverse-engineered web-enabled support;North Daniel;Male;Poland;09/02/2016 23:38;1
74.06;62.86;50;60938.73;246.29;Horizontal intermediate monitoring;Port Jacquelinestad;Male;Anguilla;17/06/2016 09:38;1
86.58;66.83;32;60151.77;195.93;Business-focused asynchronous budgetary management;Henryfort;Male;Mexico;26/02/2016 23:44;1
90.75;86.68;40;45945.88;216.5;Decentralized methodical capability;Lake Joseph;Female;Togo;11/03/2016 09:58;1
67.71;46.48;25;63430.33;225.76;Synergized intangible open system;Daviesborough;Male;Armenia;28/04/2016 02:55;1
82.41;81.35;36;65882.81;222.08;Stand-alone logistical service-desk;North Brandon;Female;Nicaragua;12/04/2016 04:22;1
76.79;74.22;27;55677.12;235.94;Open-architected intangible strategy;Wademouth;Female;Canada;01/05/2016 23:21;1
70.05;60.79;33;75560.65;203.44;Diverse directional hardware;North Raymond;Female;Croatia;24/03/2016 17:48;1
72.19;55.69;32;61067.58;250.32;Balanced discrete approach;Randolphport;Male;Switzerland;22/04/2016 19:45;1
77.35;68.72;34;72330.57;167.26;Total bi-directional success;East Troyhaven;Female;Yemen;09/03/2016 12:10;1
68.68;64.71;34;77220.42;187.03;Sharable encompassing database;Lake Jenniferton;Male;Equatorial Guinea;15/07/2016 09:42;1
81.75;71.87;43;52520.75;249.45;Progressive 24/7 definition;Lake Jose;Female;Barbados;07/06/2016 05:41;1
66.03;55.87;22;59422.47;217.37;Pre-emptive next generation strategy;Ashleymouth;Female;American Samoa;31/05/2016 23:32;1
79.18;78.63;31;58443.99;236.96;Open-source holistic productivity;Lake Danielle;Female;Algeria;10/01/2016 20:18;1
86.81;64.96;29;50820.74;199.62;Multi-channeled scalable moratorium;Joshuaburgh;Male;Turkmenistan;21/02/2016 16:57;1
70.92;50.50;39;66522.79;249.81;Up-sized intangible circuit;New Nathan;Male;South Africa;21/07/2016 20:30;1
81.45;73.72;31;66027.31;205.84;Triple-buffered human-resource complexity;Randyshire;Male;Mali;30/05/2016 21:22;1
76.65;60.86;31;61117.5;238.43;Function-based executive moderator;West Dennis;Female;Pakistan;18/04/2016 07:00;1
69.86;53.73;25;50506.44;241.36;Triple-buffered foreground encryption;Austinborough;Female;New Zealand;12/01/2016 21:17;1
85.37;72.25;36;66262.59;194.56;Front-line system-worthy flexibility;Alexandrafort;Male;Netherlands Antilles;27/01/2016 17:08;1
80.99;79.39;26;35521.88;207.53;Centralized clear-thinking Graphic Interface;Melissastad;Male;Belarus;10/06/2016 03:56;1
78.84;78.43;32;62430.55;235.29;Optimized 5thgeneration moratorium;Gonzalezburgh;Male;Taiwan;09/04/2016 09:26;1
84.76;66.86;30;61039.13;178.69;Monitored 24/7 moratorium;South Pamela;Female;Venezuela;14/05/2016 23:08;1
80.64;72.65;26;46974.15;221.59;Vision-oriented real-time framework;North Laurenview;Female;Luxembourg;24/05/2016 10:04;1
75.94;69.52;27;53042.51;236.96;Future-proofed stable function;Campbellstad;Male;Italy;16/02/2016 12:05;1
87.18;67.14;31;58287.86;193.6;Right-sized logistical middleware;West Andrew;Female;Madagascar;31/01/2016 05:12;1
75.24;65.57;24;52252.91;226.49;Vision-oriented next generation solution;South Christopher;Female;Vanuatu;25/02/2016 16:33;1
87.46;65.61;37;61009.1;211.56;Synergized grid-enabled framework;Millerview;Male;Heard Island and McDonald Islands;16/06/2016 03:17;1
87.14;75.03;31;58235.21;199.4;Up-sized bifurcated capability;Wadestad;Male;Timor-Leste;18/05/2016 01:00;1
78.79;60.23;32;68324.48;215.29;Stand-alone background open system;Mauriceshire;Male;Uruguay;21/02/2016 13:11;1
65.56;64.82;25;69646.35;181.25;Stand-alone explicit orchestration;West Arielstad;Male;Somalia;05/01/2016 12:59;1
81.05;63.56;34;54045.39;245.5;Configurable asynchronous application;Adamsstad;Female;Malaysia;18/05/2016 00:07;1
72.55;70.17;22;58953.01;202.34;Balanced empowering success;New Cynthia;Female;Bosnia and Herzegovina;08/02/2016 07:33;1
91.15;75.01;38;36834.04;184.98;Robust uniform framework;Joshuamouth;Female;Cyprus;22/02/2016 07:04;1
80.53;57.30;29;66345.1;187.64;Sharable upward-trending support;West Benjamin;Female;Singapore;21/03/2016 08:13;1
80.94;58.69;36;60803.0;239.94;Self-enabling local strategy;North Tiffany;Female;Bermuda;01/01/2016 05:31;1
78.41;68.79;33;55368.67;248.23;Multi-lateral 24/7 Internet solution;Harmonhaven;Male;Mozambique;03/06/2016 04:51;1
83.98;71.21;36;68305.91;194.62;Profit-focused secondary portal;West Gregburgh;Female;Zimbabwe;24/02/2016 00:44;1
60.83;36.29;19;40478.83;185.46;Versatile next generation pricing structure;West Lacey;Male;Palestinian Territory;19/02/2016 20:49;1
89.8;75.58;36;57330.43;198.24;User-centric attitude-oriented adapter;West Tanner;Female;Lesotho;02/02/2016 04:57;1
72.82;55.67;34;75769.82;191.82;User-centric discrete success;Jonesmouth;Male;Czech Republic;27/01/2016 16:06;1
51.65;41.18;31;58996.56;249.99;Virtual context-sensitive support;Mclaughlinbury;Female;Ireland;25/05/2016 10:39;1
69.95;59.20;28;56725.47;247.01;Horizontal even-keeled challenge;New Julie;Female;Malta;28/04/2016 01:24;1
79.83;54.97;29;55764.43;234.23;Innovative regional groupware;North Frankstad;Male;Sudan;18/05/2016 19:33;1
85.35;69.21;37;64235.51;161.42;Exclusive multi-state Internet solution;Claytonside;Male;Ecuador;17/02/2016 11:15;1
78.67;53.90;26;63319.99;195.56;Proactive 5thgeneration frame;Lake Michaelport;Female;Cambodia;20/02/2016 09:54;1
70.09;51.46;21;54725.87;211.17;Automated full-range Internet solution;East Benjaminville;Female;Belarus;22/01/2016 12:58;1
60.75;58.87;42;69775.75;247.05;Fully-configurable systemic productivity;Garrettborough;Male;Guyana;19/02/2016 13:26;1
65.07;54.24;24;57545.56;233.85;Multi-lateral multi-state encryption;Port Raymondfort;Female;Mali;03/01/2016 07:13;1
68.01;65.76;25;68357.96;188.32;Ameliorated actuating workforce;Kaylashire;Male;Afghanistan;01/01/2016 03:35;1
80.87;73.62;28;63528.8;203.3;Ameliorated local workforce;Collinsburgh;Female;Uruguay;27/02/2016 20:20;1
71.4;57.78;30;72188.9;166.31;Integrated 3rdgeneration monitoring;Beckton;Female;Japan;24/05/2016 17:07;1
70.29;58.69;31;56974.51;254.65;Balanced responsive open system;New Frankshire;Male;Norfolk Island;30/03/2016 14:36;1
76.58;71.55;46;41884.64;258.26;Secured 24hour policy;West Sydney;Female;Uzbekistan;03/01/2016 16:30;1
82.79;78.17;32;54429.17;234.81;Distributed fault-tolerant service-desk;Lake Zacharyfurt;Male;Brunei Darussalam;24/02/2016 10:36;1
66.47;42.37;31;58037.66;256.39;Vision-oriented human-resource synergy;Lindsaymouth;Male;France;03/03/2016 03:13;1
76.44;68.10;28;59967.19;232.68;Synchronized human-resource moderator;Port Julie;Male;Northern Mariana Islands;06/04/2016 17:26;1
89.71;86.21;48;51501.38;204.4;Versatile local forecast;Sarafurt;Male;Bahrain;17/02/2016 07:00;1
70.96;67.34;31;55187.85;256.4;Ameliorated user-facing help-desk;South Denise;Female;Saint Pierre and Miquelon;26/06/2016 07:01;1
64.2;46.41;27;66200.96;227.63;Phased zero tolerance extranet;Edwardsmouth;Male;Isle of Man;11/02/2016 23:45;1
55.55;31.77;19;41920.79;187.95;Proactive bandwidth-monitored policy;West Steven;Female;Guatemala;24/03/2016 02:35;1
66.0;58.57;48;24593.33;131.76;Reactive local challenge;Port Jefferybury;Male;Australia;07/03/2016 01:40;0
47.64;31.30;49;45632.51;122.02;Centralized neutral neural-net;West Brandonton;Female;Qatar;16/03/2016 20:19;0
69.57;69.05;48;51636.92;113.12;Centralized content-based focus group;West Katiefurt;Male;Egypt;03/06/2016 01:14;0
42.95;29.76;33;30976.0;143.56;Grass-roots coherent extranet;West William;Female;Barbados;24/03/2016 09:31;0
63.45;62.62;23;52182.23;140.64;Persistent demand-driven interface;New Travistown;Male;Spain;09/03/2016 03:41;0
55.39;39.08;37;23936.86;129.41;Customizable multi-tasking website;West Dylanberg;Female;Palestinian Territory;30/01/2016 19:20;0
54.7;39.51;36;31087.54;118.39;Grass-roots solution-oriented conglomeration;Jessicastad;Male;British Indian Ocean Territory (Chagos Archipelago);13/02/2016 07:53;0
74.58;68.76;40;23821.72;135.51;Advanced 24/7 productivity;Millertown;Male;Russian Federation;27/02/2016 04:43;0
41.49;38.26;52;32635.7;164.83;Mandatory disintermediate utilization;South John;Female;Burundi;20/05/2016 08:49;0
41.39;38.23;41;68962.32;167.22;Exclusive neutral parallelism;Harperborough;Female;Tokelau;13/06/2016 17:27;0
48.53;43.04;28;38067.08;134.14;Ameliorated client-driven forecast;West Jeremyside;Male;Tuvalu;08/02/2016 10:46;0
51.95;31.57;52;58295.82;129.23;Monitored systematic hierarchy;South Cathyfurt;Female;Greece;19/07/2016 08:32;0
70.2;62.33;34;32708.94;119.2;Open-architected impactful productivity;Palmerside;Female;British Virgin Islands;14/04/2016 05:08;0
59.05;46.47;57;25583.29;169.23;Digitized global capability;North Richardburgh;Male;Maldives;15/07/2016 05:05;0
55.6;54.19;23;30227.98;212.58;Multi-layered 4thgeneration knowledge user;Port Cassie;Female;Senegal;14/01/2016 14:00;0
57.64;44.75;57;45580.92;133.81;Synchronized dedicated service-desk;New Thomas;Male;Dominica;15/03/2016 03:12;0
62.26;47.98;53;56770.79;125.45;Profound stable product;West Aprilport;Male;Montenegro;07/04/2016 15:18;0
50.43;34.62;46;57425.87;119.32;Persevering needs-based open architecture;Charlesport;Male;Saint Helena;07/05/2016 17:11;0
38.93;32.74;39;27508.41;162.08;Intuitive exuding service-desk;Millerchester;Female;Liberia;11/03/2016 06:49;0
37.68;14.70;52;53575.48;172.83;Organic leadingedge secured line;Lake Cassandraport;Male;Turkmenistan;17/02/2016 13:16;0
44.33;40.15;37;52723.34;123.72;Visionary maximized process improvement;Hamiltonfort;Male;Trinidad and Tobago;08/01/2016 09:32;0
48.01;46.66;46;54286.1;119.93;Centralized 24/7 installation;West Christopher;Female;Italy;25/04/2016 11:01;0
33.33;24.06;45;53350.11;193.58;Pre-emptive value-added workforce;East Samanthashire;Male;Guinea-Bissau;17/01/2016 09:31;0
50.33;42.80;50;62657.53;133.2;Sharable analyzing alliance;South Lauraton;Male;Micronesia;02/03/2016 04:57;0
62.31;59.86;47;62722.57;119.3;Team-oriented encompassing portal;Amandahaven;Female;Turkey;14/02/2016 07:36;0
65.19;52.31;36;75254.88;150.61;Cross-group regional website;Garciaside;Female;Israel;17/02/2016 11:42;0
44.98;25.13;49;52336.64;129.31;Organized global model;Port Sarahshire;Female;Svalbard & Jan Mayen Islands;10/04/2016 00:13;0
41.82;26.69;41;24852.9;156.36;Phased transitional instruction set;Brendachester;Female;Iran;26/05/2016 22:49;0
45.96;38.45;45;66281.46;141.22;Streamlined cohesive conglomeration;Robertfurt;Female;Christmas Island;03/06/2016 00:55;0
63.89;60.77;40;51317.33;105.22;Synchronized user-facing core;Jensenborough;Female;Rwanda;08/01/2016 00:17;0
35.33;19.67;32;51510.18;200.22;Organized client-driven alliance;Bradleyburgh;Female;Turks and Caicos Islands;05/06/2016 22:11;0
78.53;56.70;34;32536.98;131.72;Synergized multimedia emulation;North Regina;Female;Norfolk Island;22/04/2016 20:10;0
46.13;41.77;31;60248.97;139.01;Customer-focused optimizing moderator;Davidmouth;Female;Bouvet Island (Bouvetoya);01/02/2016 09:00;0
55.35;44.89;39;75509.61;153.17;De-engineered object-oriented protocol;East Tammie;Male;Cook Islands;08/03/2016 00:37;0
33.21;28.40;43;42650.32;167.07;Polarized clear-thinking budgetary management;Wilcoxport;Male;Turkey;10/05/2016 17:39;0
38.46;34.95;42;58183.04;145.98;Customizable 6thgeneration knowledge user;East Michaelmouth;Male;Guatemala;06/04/2016 11:24;0
49.81;48.17;35;57009.76;120.06;Seamless real-time array;Ramirezhaven;Male;Faroe Islands;05/01/2016 04:18;0
56.14;40.56;38;32689.04;113.53;Devolved tangible approach;Lake Edward;Male;Ireland;03/02/2016 07:59;0
55.13;45.63;45;55605.92;111.71;Customizable executive software;Lake Conniefurt;Female;Ukraine;17/02/2016 21:55;0
56.64;32.24;38;61652.53;115.91;Down-sized uniform info-mediaries;Lake Christopherfurt;Female;Montserrat;05/01/2016 17:56;0
68.94;44.66;54;30726.26;138.71;Streamlined next generation implementation;East Tylershire;Female;Timor-Leste;19/04/2016 07:34;0
57.76;44.73;41;47861.93;105.15;Triple-buffered scalable groupware;Lake Dustin;Female;Puerto Rico;12/06/2016 15:25;0
52.7;41.96;34;58543.94;118.6;Integrated human-resource encoding;Grahamberg;Male;Venezuela;08/05/2016 12:12;0
57.7;38.57;34;42696.67;109.07;Phased dynamic customer loyalty;New Tina;Female;Australia;14/03/2016 23:13;0
56.89;49.40;37;37334.78;109.29;Open-source coherent policy;Nelsonfurt;Male;Wallis and Futuna;25/05/2016 00:19;0
69.9;45.27;43;71392.53;138.35;Down-sized modular intranet;Christopherport;Female;Jersey;13/05/2016 11:51;0
55.79;51.62;24;59550.05;149.67;Pre-emptive content-based focus group;Port Sarahhaven;Female;Puerto Rico;20/02/2016 20:47;0
50.08;25.71;40;64147.86;125.85;Ergonomic full-range time-frame;Whiteport;Male;Greece;10/04/2016 02:02;0
43.67;36.36;31;25686.34;166.29;Automated directional function;New Theresa;Male;Antarctica (the territory South of 60 deg S);28/02/2016 06:41;0
45.72;36.55;36;22473.08;154.02;Versatile homogeneous capacity;Williammouth;Male;Hong Kong;19/04/2016 15:14;0
39.94;36.94;41;64927.19;156.3;Function-based optimizing protocol;Williamsborough;Female;Lithuania;08/01/2016 22:47;0
35.61;12.04;46;51868.85;158.22;Up-sized secondary software;North Michael;Female;Egypt;28/03/2016 08:46;0
41.49;19.27;53;31947.65;169.18;Persevering reciprocal firmware;Hernandezville;Female;Western Sahara;03/07/2016 09:22;0
42.39;30.31;42;66541.05;150.99;De-engineered mobile infrastructure;Erinton;Female;Christmas Island;28/04/2016 05:50;0
47.53;41.51;30;33258.09;135.18;Customer-focused upward-trending contingency;Hughesport;Female;Guinea;03/04/2016 05:10;0
66.63;54.55;60;60333.38;176.98;User-friendly upward-trending intranet;New Lucasburgh;Female;Madagascar;16/01/2016 23:37;0
63.24;62.41;53;65229.13;235.78;Future-proofed holistic superstructure;Michelleside;Male;Lebanon;03/07/2016 04:33;0
46.13;21.61;46;37838.72;123.64;Horizontal hybrid challenge;New Rachel;Male;Guyana;09/01/2016 05:44;0
72.6;59.03;55;66815.54;162.95;Focused intangible moderator;Port Christopherborough;Female;United Arab Emirates;13/07/2016 16:12;0
61.88;56.23;42;60223.52;112.19;Balanced actuating moderator;Phillipsbury;Male;Martinique;23/07/2016 11:46;0
84.45;77.58;50;29727.79;207.18;Customer-focused transitional strategy;Millerside;Female;Somalia;13/07/2016 04:10;0
88.97;82.75;45;49269.98;152.49;Advanced web-enabled standardization;Lake Jessica;Female;Bhutan;11/06/2016 18:32;0
37.75;23.65;36;35466.8;225.24;Polarized dynamic throughput;South Daniel;Female;Uzbekistan;26/02/2016 19:48;0
62.33;50.93;43;68787.09;127.11;Devolved zero administration intranet;Suzannetown;Female;South Africa;21/06/2016 13:15;0
80.31;60.98;44;56366.88;127.07;Cross-platform regional task-force;Brianfurt;Female;Hungary;18/04/2016 15:54;0
46.98;43.38;50;21644.91;175.37;Down-sized well-modulated archive;East Michelleberg;Female;Lithuania;04/05/2016 09:00;0
41.67;24.62;36;53817.02;132.55;Realigned zero tolerance emulation;Port Eric;Female;Saint Martin;13/06/2016 18:50;0
51.24;46.22;36;76368.31;176.73;Versatile transitional monitoring;Timothyfurt;Female;Cuba;03/01/2016 16:01;0
43.49;35.33;47;50335.46;127.83;User-centric intangible task-force;Guzmanland;Female;Belize;12/01/2016 10:07;0
49.89;48.83;39;17709.98;160.03;Enhanced system-worthy application;East Michele;Male;Belize;16/04/2016 12:09;0
38.37;31.96;36;41229.16;140.46;Multi-layered user-facing paradigm;East John;Female;Antarctica (the territory South of 60 deg S);13/05/2016 06:09;0
38.52;37.11;38;42581.23;137.28;Customer-focused 24/7 concept;Lesliebury;Male;Saint Vincent and the Grenadines;27/03/2016 23:59;0
37.51;17.20;30;52097.32;163.0;Re-contextualized optimal service-desk;Debraburgh;Male;Holy See (Vatican City State);21/03/2016 18:46;0
55.6;41.12;44;65953.76;124.38;Fully-configurable neutral open system;New Debbiestad;Male;Korea;14/06/2016 11:59;0
37.47;14.64;44;45716.48;141.89;Realigned content-based leverage;Port Lawrence;Male;Czech Republic;26/01/2016 03:56;0
56.04;38.08;49;65120.86;128.95;Decentralized real-time circuit;West Ricardo;Male;Netherlands;07/02/2016 08:02;0
70.92;55.62;41;49995.63;108.16;Polarized modular function;Lake Jose;Male;Belarus;05/05/2016 07:58;0
49.78;24.87;46;71718.51;152.24;Enterprise-wide client-driven contingency;Heatherberg;Female;Dominica;29/06/2016 02:43;0
68.61;50.09;57;61770.34;150.29;Diverse modular interface;South George;Female;South Africa;10/04/2016 19:48;0
37.0;34.43;48;36782.38;158.22;Function-based context-sensitive secured line;Jonathantown;Male;Kenya;24/03/2016 06:36;0
44.64;21.71;36;55787.58;127.01;Up-sized incremental encryption;Codyburgh;Female;Belize;14/02/2016 06:51;0
41.73;20.88;28;61142.33;202.18;Sharable dedicated Graphic Interface;Port Erikhaven;Male;Cuba;07/01/2016 19:16;0
75.55;58.80;36;73234.87;159.24;Managed grid-enabled standardization;Ramirezside;Female;Liechtenstein;09/05/2016 02:58;0
41.28;37.55;50;50960.08;140.39;Universal 24/7 implementation;East Rachelview;Female;Equatorial Guinea;29/01/2016 03:54;0
34.66;15.75;32;48246.6;194.83;Customer-focused multi-tasking Internet solution;Curtisport;Female;Mongolia;14/07/2016 12:07;0
66.18;57.73;55;28271.84;143.42;Vision-oriented contextually-based extranet;Frankbury;Female;Svalbard & Jan Mayen Islands;10/01/2016 23:14;0
59.59;46.22;42;43662.1;104.78;Re-engineered demand-driven capacity;Samanthaland;Male;Brazil;06/07/2016 18:36;0
43.77;35.59;52;49030.03;138.55;Synergized hybrid time-frame;Kyleborough;Male;Portugal;25/01/2016 07:39;0
63.36;49.22;48;70053.27;137.43;Centralized tertiary pricing structure;East Eric;Female;Guinea;23/06/2016 01:22;0
60.72;55.21;44;42995.8;105.69;Synergized context-sensitive database;Jacobstad;Female;Kuwait;28/02/2016 18:52;0
44.57;36.88;31;38349.78;133.17;Adaptive context-sensitive application;Joneston;Male;China;27/03/2016 09:11;0
39.85;38.02;38;31343.39;145.96;Profit-focused dedicated utilization;East Stephen;Female;Vietnam;03/01/2016 03:22;0
84.53;73.35;27;40763.13;168.34;Stand-alone tangible moderator;Turnerchester;Female;Guatemala;04/01/2016 21:48;0
62.95;62.30;60;36752.24;157.04;Polarized tangible collaboration;Youngfort;Female;Peru;24/05/2016 13:30;0
46.88;43.76;54;43444.86;136.64;Virtual scalable secured line;Port Melissaberg;Female;Singapore;04/02/2016 08:53;0
46.31;29.92;57;44248.52;153.98;Front-line fault-tolerant intranet;Bernardton;Male;Jamaica;24/03/2016 13:37;0
84.73;60.98;30;39840.55;153.76;Synchronized leadingedge help-desk;Aliciatown;Female;Canada;21/02/2016 07:42;0
39.86;34.51;36;32593.59;145.85;Total 5thgeneration standardization;Josephstad;Female;Algeria;26/06/2016 17:16;0
50.08;27.67;30;41629.86;123.91;Sharable grid-enabled matrix;West Ericfurt;Female;Fiji;03/01/2016 05:34;0
60.23;38.36;35;43313.73;106.86;Balanced asynchronous hierarchy;New Brendafurt;Female;Kenya;08/03/2016 18:00;0
60.7;48.96;49;42993.48;110.57;Monitored object-oriented Graphic Interface;Port Julie;Male;Argentina;19/06/2016 03:19;0
43.67;37.42;53;46004.31;143.79;Cloned analyzing artificial intelligence;South Tiffanyton;Male;Bouvet Island (Bouvetoya);21/07/2016 21:16;0
71.86;65.60;32;51633.34;116.53;Face-to-face even-keeled website;Kentmouth;Female;Senegal;17/05/2016 06:14;0
44.78;44.20;45;63363.04;137.24;Extended context-sensitive monitoring;West Casey;Male;Suriname;09/07/2016 11:04;0
35.65;19.95;40;31265.75;172.58;Seamless intangible secured line;North Johntown;Male;Georgia;10/05/2016 07:22;0
58.22;40.61;29;37345.24;120.9;User-friendly client-server instruction set;North Russellborough;Female;South Africa;11/02/2016 02:40;0
59.51;49.05;58;39132.64;140.83;Assimilated fault-tolerant hub;Penatown;Female;Australia;16/06/2016 02:01;0
40.15;21.44;38;38745.29;134.88;Exclusive disintermediate task-force;Joechester;Male;Sao Tome and Principe;27/06/2016 18:37;0
41.89;20.09;38;68519.96;163.38;Compatible systemic function;Hartmanchester;Female;Cyprus;03/02/2016 04:21;0
67.28;57.38;43;76246.96;155.8;Future-proofed coherent hardware;North Mercedes;Male;Pakistan;03/04/2016 21:13;0
66.01;56.41;23;34127.21;151.95;Front-line tangible alliance;Hansenmouth;Female;Samoa;21/06/2016 03:14;0
61.57;45.58;53;35253.98;125.94;Progressive 24hour forecast;Bradyfurt;Male;Bulgaria;14/03/2016 14:13;0
53.3;44.81;34;44893.71;111.94;Self-enabling optimal initiative;West Jessicahaven;Female;Mauritania;06/05/2016 21:07;0
34.87;21.19;40;59621.02;200.23;Configurable logistical Graphical User Interface;Davilachester;Female;Czech Republic;12/06/2016 17:52;0
43.6;37.11;38;20856.54;170.49;Virtual bandwidth-monitored initiative;North Ricardotown;Female;Chile;11/01/2016 07:36;0
49.95;41.97;39;68737.75;136.59;Cloned object-oriented benchmark;Millerbury;Female;Turkmenistan;24/03/2016 09:12;0
60.94;38.36;41;76893.84;154.97;Fundamental fault-tolerant neural-net;Garciaview;Female;Latvia;14/02/2016 07:30;0
78.7;69.46;30;53441.69;133.99;Compatible intangible customer loyalty;Williamstad;Female;Turkey;10/02/2016 19:20;0
57.35;48.22;29;41356.31;119.84;Distributed 3rdgeneration definition;West Connor;Female;Kazakhstan;23/04/2016 14:34;0
34.86;15.94;38;49942.66;154.75;Pre-emptive cohesive budgetary management;West Justin;Female;Bahrain;18/06/2016 17:56;0
46.77;32.24;32;31092.93;136.4;Multi-tiered maximized archive;Reneechester;Male;Serbia;23/03/2016 06:00;0
62.42;60.81;38;74445.18;143.94;Diverse executive groupware;West Tinashire;Female;Saint Pierre and Miquelon;19/07/2016 07:59;0
78.32;60.45;28;49309.14;239.52;Synergized cohesive array;Jamesfurt;Female;Australia;26/06/2016 11:52;0
37.32;20.19;50;;199.25;Versatile dedicated software;New Nancy;Male;Chad;30/03/2016 23:40;0
40.42;17.74;45;40183.75;133.9;Stand-alone reciprocal synergy;Lisamouth;Male;Norway;16/03/2016 07:59;0
76.77;53.77;36;58348.41;123.51;Universal even-keeled analyzer;Harveyport;Female;Turks and Caicos Islands;04/05/2016 00:01;0
74.32;50.37;33;62060.11;128.17;Monitored real-time superstructure;North Kevinside;Female;South Africa;23/05/2016 21:14;0
80.03;65.26;44;24030.06;150.84;Automated static concept;Christinetown;Female;Afghanistan;23/07/2016 14:47;0
53.68;32.23;47;56180.93;115.26;Operative stable moderator;New Michael;Male;Micronesia;16/02/2016 09:11;0
39.96;35.10;45;59610.81;146.13;Enhanced homogeneous moderator;East Barbara;Male;Guernsey;15/04/2016 06:08;0
57.05;37.46;41;50278.89;269.96;Seamless full-range website;Port Erinberg;Male;Sierra Leone;09/01/2016 03:45;0
42.44;23.35;56;43450.11;168.27;Profit-focused attitude-oriented task-force;Petersonfurt;Female;Tajikistan;10/02/2016 15:23;0
62.2;57.00;25;25408.21;161.16;Cross-platform multimedia algorithm;New Lindaberg;Female;Liechtenstein;24/04/2016 13:42;0
61.22;52.13;45;63883.81;119.03;Streamlined logistical secured line;South Adam;Male;Switzerland;05/01/2016 09:42;0
46.08;30.50;30;66784.81;164.63;Synergistic value-added extranet;Brownport;Male;Finland;21/07/2016 10:54;0
56.7;41.82;48;62784.85;123.13;Progressive non-volatile neural-net;Port Crystal;Female;France;09/01/2016 04:53;0
40.06;38.54;38;56782.18;138.68;Organized contextually-based customer loyalty;Olsonstad;Male;Peru;11/06/2016 08:38;0
73.84;69.29;31;42042.95;121.05;Programmable uniform productivity;South Jasminebury;Female;Albania;18/06/2016 17:23;0
60.25;35.38;35;54875.95;109.77;De-engineered fault-tolerant database;Charlottefort;Female;Papua New Guinea;29/06/2016 13:35;0
59.21;37.37;35;73347.67;144.62;Managed disintermediate matrices;Lake Beckyburgh;Male;Liechtenstein;02/02/2016 08:55;0
43.02;27.93;44;50199.77;125.22;Configurable bottom-line application;West Lindseybury;Female;Thailand;13/04/2016 05:42;0
70.66;50.19;43;63450.96;120.95;Versatile scalable encryption;Lake Craigview;Male;Mauritius;26/02/2016 04:57;0
70.58;61.63;26;56694.12;136.94;Proactive next generation knowledge user;Lake David;Female;Algeria;26/02/2016 09:18;0
40.17;30.10;26;47391.95;171.31;Visionary asymmetric encryption;South Lauratown;Male;Japan;01/02/2016 14:37;0
44.49;19.59;53;63100.13;168.0;Business-focused real-time toolset;Jacksonburgh;Male;Sao Tome and Principe;23/04/2016 06:28;0
47.66;27.29;29;27086.4;156.54;Devolved responsive structure;Tinaton;Female;Honduras;18/07/2016 11:33;0
46.37;44.09;52;32847.53;144.27;De-engineered solution-oriented open architecture;Alexanderfurt;Female;French Guiana;05/01/2016 00:02;0
54.88;41.19;24;32006.82;148.61;Customizable modular Internet solution;West Pamela;Female;Northern Mariana Islands;15/05/2016 01:03;0
40.67;25.42;35;48913.07;133.18;Stand-alone encompassing throughput;West Amanda;Female;Lebanon;05/05/2016 09:28;0
47.51;36.03;51;53700.57;130.41;Managed well-modulated collaboration;Bethburgh;Male;American Samoa;21/05/2016 01:36;0
56.01;35.34;26;46339.25;127.26;Re-engineered real-time success;Garciamouth;Female;Tonga;05/07/2016 18:59;0
45.05;30.43;42;66348.95;141.36;Digitized contextually-based product;South Kyle;Female;French Southern Territories;05/05/2016 11:09;0
60.53;56.09;24;66873.9;167.22;Organic interactive support;Combsstad;Female;Serbia;25/03/2016 15:17;0
50.52;31.49;31;72270.88;171.62;Function-based stable alliance;Lake Allenville;Female;New Caledonia;23/01/2016 15:02;0
55.2;38.86;39;76560.59;159.46;Exclusive zero tolerance alliance;Jordantown;Male;United States of America;30/05/2016 07:36;0
52.62;35.42;50;73863.25;176.52;Enterprise-wide foreground emulation;Port Juan;Female;Seychelles;01/02/2016 20:30;0
39.25;29.09;39;62378.05;152.36;Customer-focused incremental system engine;Michellefort;Female;Mayotte;23/01/2016 17:39;0
77.56;73.54;38;63336.85;130.83;Right-sized multi-tasking solution;Port Angelamouth;Male;Uganda;19/05/2016 03:52;0
33.52;30.62;43;42191.61;165.56;Vision-oriented optimizing middleware;Jessicahaven;Female;Cambodia;09/05/2016 21:54;0
79.81;67.55;24;56194.56;178.85;Proactive context-sensitive project;North Daniel;Male;Antigua and Barbuda;31/05/2016 11:44;0
54.92;32.44;54;23975.35;161.16;Extended interactive model;Roberttown;Female;Saint Pierre and Miquelon;13/06/2016 13:59;0
75.55;69.98;22;41851.38;169.4;Upgradable even-keeled challenge;New Amanda;Female;Taiwan;19/02/2016 07:29;0
73.89;62.07;39;47160.53;110.68;Horizontal national architecture;North April;Female;France;20/04/2016 00:41;0
62.06;45.15;44;44174.25;105.0;Adaptive contextually-based methodology;Port Paultown;Female;Austria;12/04/2016 14:01;0
51.5;27.24;34;67050.16;135.31;Configurable dynamic adapter;East Vincentstad;Female;Zambia;15/03/2016 11:25;0
36.87;29.62;36;29398.61;195.91;Self-enabling incremental collaboration;New Rebecca;Female;Anguilla;28/01/2016 11:50;0
34.78;25.53;48;42861.42;208.21;Exclusive even-keeled moratorium;Jeffreyburgh;Male;South Africa;24/03/2016 02:01;0
41.47;40.60;31;60953.93;219.79;Secured scalable Graphical User Interface;Port Brookeland;Female;Martinique;06/07/2016 15:56;0
56.3;43.22;49;67430.96;135.24;Fully-configurable high-level implementation;South Meghan;Male;New Caledonia;03/02/2016 19:12;0
38.94;14.69;41;57587.0;142.67;Optional mission-critical functionalities;Lewismouth;Male;Falkland Islands (Malvinas);15/07/2016 09:08;0
36.31;15.34;47;57983.3;168.92;Reverse-engineered well-modulated capability;East Yvonnechester;Female;Eritrea;18/04/2016 00:49;0
72.23;70.32;48;52736.33;115.35;Integrated coherent pricing structure;Burgessside;Female;Mexico;17/07/2016 01:13;0
61.09;56.78;26;55336.18;131.68;User-friendly well-modulated leverage;East Kevinbury;Male;Falkland Islands (Malvinas);09/04/2016 16:31;0
37.87;15.38;52;56394.82;188.56;Phased analyzing emulation;Robertsonburgh;Male;Gambia;25/05/2016 20:10;0
60.91;55.31;19;53309.61;184.94;Upgradable directional system engine;Port Kathleenfort;Female;Nauru;09/06/2016 14:24;0
74.87;68.39;52;43698.53;126.97;Public-key non-volatile implementation;Charlenetown;Female;Saint Barthelemy;31/05/2016 02:17;0
37.45;12.90;47;31281.01;167.86;Horizontal high-level concept;South Johnnymouth;Female;Antigua and Barbuda;10/04/2016 03:30;0
49.84;40.43;39;45800.48;111.59;Reduced multimedia project;Hannaport;Female;Samoa;09/02/2016 07:21;0
51.38;41.07;59;42362.49;158.56;Object-based modular functionalities;East Anthony;Female;Afghanistan;17/06/2016 17:11;0
38.91;24.45;33;56369.74;150.8;Versatile reciprocal structure;Morrismouth;Male;Philippines;13/07/2016 07:41;0
62.14;49.52;41;59397.89;110.93;Upgradable multi-tasking initiative;North Andrewstad;Male;Angola;23/01/2016 18:59;0
73.3;67.07;36;68211.35;135.72;Adaptive asynchronous attitude;West Tanya;Male;Hungary;30/01/2016 04:38;0
71.9;66.47;54;61228.96;140.15;Inverse zero tolerance customer loyalty;Timothymouth;Male;Czech Republic;22/04/2016 20:32;0
58.6;48.41;50;45400.5;113.7;Organic asynchronous hierarchy;Rogerburgh;Female;Samoa;28/01/2016 07:10;0
36.08;35.27;45;41417.27;151.47;Automated client-driven orchestration;Davidside;Male;United States Minor Outlying Islands;03/07/2016 04:11;0
41.73;18.22;47;60812.77;144.71;Proactive client-server productivity;Andersonchester;Female;Cote d'Ivoire;08/04/2016 22:48;0
69.2;52.30;42;26023.99;123.8;Balanced value-added database;Meyersstad;Female;Peru;17/06/2016 09:58;0
67.56;46.59;31;62318.38;125.45;Seamless composite budgetary management;Michelleside;Female;Kenya;25/04/2016 21:15;0
43.63;42.97;41;51662.24;123.25;Exclusive zero tolerance frame;Jordanshire;Male;Albania;15/03/2016 14:06;0
49.67;38.60;27;28019.09;153.69;Face-to-face reciprocal methodology;Port Brian;Female;Zimbabwe;09/05/2016 08:44;0
44.46;28.37;42;30487.48;132.66;Intuitive zero-defect framework;Christinehaven;Male;Mongolia;15/01/2016 19:40;0
63.88;61.52;38;19991.72;136.85;Upgradable even-keeled hardware;Kristintown;Female;Madagascar;29/02/2016 23:56;0
66.99;62.87;47;27262.51;124.44;Operative actuating installation;Lopezberg;Male;Tanzania;15/06/2016 11:56;0
42.05;26.70;51;28357.27;174.55;Configurable 24/7 hub;West Eduardotown;Male;Canada;20/06/2016 14:20;0
50.52;28.38;28;66929.03;219.69;Versatile responsive knowledge user;Davisfurt;Female;Saint Kitts and Nevis;03/04/2016 06:17;0
35.98;11.44;47;55993.68;165.52;Focused 3rdgeneration pricing structure;West Jane;Male;El Salvador;10/03/2016 23:26;0
39.34;32.22;43;31215.88;148.93;Proactive radical support;Alvaradoport;Female;Bangladesh;17/04/2016 21:39;0
57.24;37.89;52;46473.14;117.35;Profound optimizing utilization;Richardsonland;Male;Latvia;29/06/2016 21:39;0
56.34;46.31;50;68713.7;139.02;Multi-channeled mission-critical success;Port Michealburgh;Male;Anguilla;17/03/2016 23:39;0
48.73;43.00;27;34191.23;142.04;Versatile content-based protocol;Monicaview;Female;Bangladesh;09/07/2016 16:23;0
51.68;33.51;49;51067.54;258.62;Seamless cohesive conglomeration;Katieport;Female;Faroe Islands;28/06/2016 12:51;0
35.34;30.16;45;46693.76;152.86;De-engineered actuating hierarchy;East Brittanyville;Female;Taiwan;18/06/2016 16:32;0
48.09;47.90;33;19345.36;180.42;Balanced motivating help-desk;West Travismouth;Female;Heard Island and McDonald Islands;28/05/2016 12:38;0
56.99;53.25;40;37713.23;108.15;Sharable optimal capacity;Brownton;Female;Bahamas;16/07/2016 23:08;0
41.18;24.38;43;41866.55;129.25;Enterprise-wide incremental Internet solution;New Denisebury;Male;Myanmar;05/07/2016 00:54;0
71.03;55.61;32;57846.68;120.85;Advanced systemic productivity;Keithtown;Female;Netherlands Antilles;17/02/2016 23:47;0
34.3;17.12;41;53167.68;160.74;Re-contextualized reciprocal interface;West Melaniefurt;Male;Libyan Arab Jamahiriya;16/05/2016 14:50;0
53.38;49.01;35;60803.37;120.06;Total local synergy;Alexanderview;Male;French Guiana;30/03/2016 01:05;0
58.03;33.17;31;28387.42;129.33;User-friendly bandwidth-monitored attitude;South Jade;Female;Tuvalu;29/06/2016 09:04;0
43.59;27.96;36;58849.77;132.31;Re-engineered context-sensitive knowledge user;Lake Susan;Male;Congo;26/05/2016 13:43;0
60.07;52.13;42;65963.37;120.75;Total user-facing hierarchy;South Vincentchester;Male;United Kingdom;15/04/2016 10:16;0
54.43;54.24;37;75180.2;154.74;Balanced contextually-based pricing structure;Williamsmouth;Male;Luxembourg;31/05/2016 09:06;0
60.53;47.16;29;56759.48;123.28;Networked even-keeled workforce;Williamsport;Female;Papua New Guinea;09/05/2016 10:21;0
69.58;55.28;43;28028.74;255.07;Cross-group value-added success;Port Katelynview;Female;Congo;04/04/2016 18:36;0
56.66;38.40;42;72684.44;139.42;Upgradable asymmetric emulation;Lake Jesus;Female;Dominican Republic;20/02/2016 10:52;0
57.64;46.58;36;37212.54;110.25;Robust web-enabled attitude;North Maryland;Male;Chile;18/01/2016 15:18;0
46.04;45.76;32;65499.93;147.92;Universal transitional Graphical User Interface;Andrewborough;Female;Serbia;30/05/2016 20:07;0
36.44;19.95;39;52400.88;147.64;Configurable disintermediate throughput;Port Patrickton;Male;Estonia;31/05/2016 06:21;0
53.14;41.64;38;49111.47;109.0;Automated web-enabled migration;West Julia;Male;Greenland;03/07/2016 22:13;0
32.84;12.31;40;41232.89;171.72;Triple-buffered 3rdgeneration migration;New Keithburgh;Female;Trinidad and Tobago;10/03/2016 01:36;0
38.1;26.66;34;60641.09;214.38;Optional secondary access;North Aaronchester;Male;Philippines;30/05/2016 18:08;0
51.87;38.33;50;51869.87;119.65;Team-oriented dynamic forecast;Kevinberg;Female;Afghanistan;10/03/2016 22:28;0
43.41;18.83;28;59144.02;160.73;Customer-focused zero-defect process improvement;Lovemouth;Female;Egypt;05/02/2016 15:26;0
55.92;44.71;24;33951.63;145.08;Focused systemic benchmark;Taylorhaven;Female;Fiji;31/05/2016 21:41;0
82.12;81.21;52;28679.93;201.15;Fully-configurable client-driven customer loyalty;East Dana;Male;Germany;03/02/2016 10:40;0
43.01;18.25;35;48347.64;127.37;Organized 24/7 middleware;Butlerfort;Female;United States of America;11/06/2016 09:37;0
64.88;64.36;42;70005.51;129.8;Customizable systematic service-desk;West Chloeborough;Male;Equatorial Guinea;14/02/2016 22:23;0
48.03;41.94;40;25598.75;134.6;Networked stable array;East Lindsey;Male;Malta;02/06/2016 22:16;0
32.99;27.79;45;49282.87;177.46;Phased full-range hardware;Masseyshire;Female;Ecuador;30/04/2016 19:42;0
36.49;34.61;52;42136.33;196.61;Object-based system-worthy superstructure;Ryanhaven;Male;Lao People's Democratic Republic;09/03/2016 00:41;0
45.7;44.89;33;67384.31;151.12;Self-enabling multimedia system engine;New Williammouth;Male;Switzerland;26/05/2016 10:33;0
82.38;76.79;35;25603.93;159.6;Polarized analyzing intranet;Port Blake;Female;Spain;18/07/2016 01:36;0
52.68;36.25;23;39616.0;149.2;Vision-oriented attitude-oriented Internet solution;West Richard;Male;Turks and Caicos Islands;16/07/2016 05:56;0
65.59;41.36;47;28265.81;121.81;Digitized disintermediate ability;Brandymouth;Female;Indonesia;22/03/2016 06:41;0
43.84;40.71;36;70592.81;167.42;Public-key real-time definition;Port Jessica;Female;Australia;28/06/2016 09:19;0
47.48;36.78;31;29359.2;141.34;Reverse-engineered 24hour hardware;Yuton;Female;Eritrea;30/06/2016 00:19;0
44.96;36.57;50;52802.0;132.71;Focused fresh-thinking Graphic Interface;South Peter;Male;Heard Island and McDonald Islands;02/01/2016 12:25;0
39.56;35.90;41;;143.13;Ameliorated exuding solution;Port Mitchell;Male;Western Sahara;13/05/2016 11:57;0
39.76;18.27;28;35350.55;196.83;Integrated maximized service-desk;Pottermouth;Male;Liberia;08/02/2016 14:02;0
50.6;46.29;30;34191.13;129.88;Realigned reciprocal framework;New Daniellefort;Male;United States of America;03/05/2016 12:57;0
46.2;33.05;37;51315.38;119.3;Distributed maximized ability;Welchshire;Female;Belgium;03/04/2016 11:38;0
66.88;42.00;35;62790.96;119.47;Polarized bifurcated array;Russellville;Male;Indonesia;23/03/2016 19:58;0
35.49;12.08;48;43974.49;159.77;Fully-configurable holistic throughput;Timothyport;Female;American Samoa;08/04/2016 14:35;0
50.19;30.07;40;33987.27;117.3;Progressive uniform budgetary management;Lake Stephenborough;Female;Thailand;25/03/2016 19:02;0
59.12;41.72;33;28210.03;124.54;Synergistic stable infrastructure;Silvaton;Female;Greece;12/05/2016 21:32;0
59.7;35.91;28;49158.5;120.25;Expanded zero administration attitude;Florestown;Female;Guernsey;10/05/2016 14:12;0
67.8;66.86;30;39809.69;117.75;Team-oriented 6thgeneration extranet;New Jay;Male;Isle of Man;03/03/2016 02:59;0
41.7;32.28;39;42898.21;126.95;Innovative regional structure;Jensenton;Female;China;27/05/2016 05:35;0
58.35;46.48;37;70232.95;132.63;Universal asymmetric workforce;Rivasland;Female;Macao;12/06/2016 21:21;0
51.56;30.36;46;63102.19;124.85;Business-focused client-driven forecast;Helenborough;Female;Australia;07/01/2016 13:58;0
58.21;34.45;37;47575.44;105.94;Open-source global strategy;Pattymouth;Female;Djibouti;07/02/2016 17:06;0
66.12;61.51;49;39031.89;113.8;Stand-alone motivating moratorium;South Alexisborough;Female;Cote d'Ivoire;15/02/2016 07:27;0
49.99;27.74;41;61068.26;121.07;Profound bottom-line standardization;New Charleschester;Female;Romania;24/03/2016 09:34;0
80.3;58.15;58;49090.51;173.43;Managed client-server access;East Breannafurt;Female;Cayman Islands;04/04/2016 20:01;0
57.86;38.46;30;18819.34;166.86;Horizontal modular success;Estesfurt;Female;Algeria;08/07/2016 17:14;0
59.13;39.29;44;49525.37;106.04;Upgradable heuristic system engine;South Lisa;Male;Turkey;09/06/2016 17:11;0
42.94;26.37;37;56681.65;130.4;Synergistic dynamic orchestration;Rebeccamouth;Male;Moldova;12/04/2016 12:35;0
82.79;69.56;34;47997.75;132.08;Team-oriented zero-defect initiative;South Aaron;Female;American Samoa;01/02/2016 00:52;0
59.22;49.64;55;39131.53;126.39;Polarized 5thgeneration matrix;North Andrew;Male;Honduras;13/01/2016 02:39;0
35.0;19.98;40;46033.73;151.25;Fully-configurable context-sensitive Graphic Interface;South Walter;Male;Mongolia;18/06/2016 16:02;0
46.61;31.85;42;65856.74;136.18;Progressive intermediate throughput;Catherinefort;Female;Ethiopia;01/01/2016 20:17;0
63.26;52.04;29;54787.37;120.46;Customizable holistic archive;East Donna;Male;Ethiopia;02/03/2016 04:02;0
67.94;50.14;43;68447.17;128.16;Assimilated next generation firmware;North Kimberly;Female;Morocco;01/05/2016 00:23;0
43.65;35.96;39;63649.04;138.87;Business-focused background synergy;North Aaronburgh;Female;Western Sahara;08/05/2016 22:24;0
46.61;43.98;52;27241.11;156.99;Ergonomic methodical encoding;Danielview;Female;New Zealand;05/04/2016 05:54;0
65.1;44.94;49;59457.52;118.1;Up-sized real-time methodology;West Kevinfurt;Male;Bulgaria;01/06/2016 03:44;0
53.44;32.32;42;42907.89;108.17;Up-sized next generation architecture;Lake Jennifer;Male;Libyan Arab Jamahiriya;04/04/2016 22:00;0
63.8;40.79;38;36037.33;108.7;Adaptive demand-driven knowledgebase;Colebury;Male;Tuvalu;19/03/2016 00:27;0
42.6;28.86;55;55121.65;168.29;Switchable analyzing encryption;Lake Ian;Female;Cambodia;11/07/2016 18:12;0
56.39;31.52;58;32252.38;154.23;Programmable uniform website;West Shannon;Female;Australia;14/02/2016 10:06;0
44.73;42.79;35;55316.97;127.56;Object-based neutral policy;North Lauraland;Male;Guam;27/01/2016 18:25;0
38.35;30.87;33;47447.89;145.48;Horizontal global leverage;Port Christopher;Male;Christmas Island;16/06/2016 20:24;0
56.2;45.57;49;53549.94;114.85;Adaptive uniform capability;East Georgeside;Male;Bahamas;21/04/2016 18:31;0
67.69;58.52;44;37345.34;109.22;Fundamental methodical support;South Jackieberg;Female;Guam;01/04/2016 01:57;0
38.35;21.91;41;34886.01;144.69;Synergistic reciprocal attitude;Loriville;Male;Vanuatu;24/06/2016 08:42;0
64.75;60.94;36;63001.03;117.66;Multi-tiered stable leverage;North Sarashire;Female;Venezuela;06/04/2016 01:19;0
47.9;47.74;42;48467.68;114.53;Cross-group human-resource time-frame;East Jessefort;Female;United Kingdom;24/02/2016 19:08;0
50.32;35.29;40;27964.6;125.65;Realigned intangible benchmark;Rochabury;Female;Yemen;27/04/2016 18:25;0
74.59;72.25;23;40135.06;158.35;Phased clear-thinking encoding;Lake Gerald;Male;United States Virgin Islands;15/02/2016 16:52;0
46.66;30.28;45;49101.67;118.16;Grass-roots mission-critical emulation;Wrightview;Female;Antigua and Barbuda;09/03/2016 02:07;0
48.86;45.31;54;53188.69;134.46;Proactive encompassing paradigm;Perryburgh;Female;French Guiana;09/01/2016 17:33;0
37.05;35.21;39;49742.83;142.81;Automated object-oriented firmware;Tracyhaven;Male;Antigua and Barbuda;03/02/2016 05:47;0
69.15;47.83;46;36424.94;112.72;Automated multi-state toolset;Richardsonshire;Female;Cyprus;24/07/2016 00:22;0
65.72;60.75;36;28275.48;120.12;Managed didactic flexibility;Kimberlymouth;Female;Saint Pierre and Miquelon;13/02/2016 13:57;0
40.04;19.68;27;48098.86;161.58;Cross-platform neutral system engine;Meghanchester;Female;Poland;08/05/2016 10:25;0
68.6;60.54;33;68448.94;135.08;Focused high-level frame;Tammyshire;Female;Taiwan;17/02/2016 18:50;0
56.16;46.29;25;66429.84;164.25;Seamless motivating approach;Millerbury;Male;Cote d'Ivoire;22/01/2016 19:43;0
43.83;37.69;45;35684.82;129.01;Total human-resource flexibility;Greerport;Female;Saudi Arabia;29/01/2016 05:39;0
39.86;38.11;28;51171.23;161.24;Ergonomic zero tolerance encoding;East Sharon;Female;Ghana;23/02/2016 13:55;0
66.77;46.28;25;58847.07;141.13;Cross-platform zero-defect structure;Johnstonmouth;Female;Iran;09/07/2016 11:18;0
57.2;53.03;42;57739.03;110.66;Innovative maximized groupware;East Heatherside;Female;New Zealand;19/03/2016 11:09;0
49.84;42.60;38;67781.31;135.24;Phased hybrid superstructure;Jenniferhaven;Male;United Arab Emirates;18/05/2016 03:19;0
43.97;24.27;36;68863.95;156.97;User-friendly grid-enabled analyzer;Boyerberg;Male;Indonesia;30/01/2016 09:54;0
38.63;17.00;48;57777.11;222.11;Cross-platform logistical pricing structure;Chapmanmouth;Female;Papua New Guinea;07/04/2016 10:51;0
84.0;59.47;48;46868.53;136.21;Inverse discrete extranet;Robertside;Male;Kyrgyz Republic;17/04/2016 05:08;0
52.13;46.40;50;40926.93;118.27;Open-source even-keeled database;West Raymondmouth;Male;Ethiopia;28/01/2016 17:03;0
71.83;49.30;40;22205.74;135.48;Diverse background ability;Costaburgh;Male;Rwanda;18/02/2016 22:42;0
50.18;38.00;35;63006.14;127.82;Customizable hybrid system engine;Sandrashire;Male;Grenada;20/06/2016 04:24;0
64.67;54.38;51;24316.61;138.35;Horizontal incremental website;Andersonfurt;Male;Togo;14/02/2016 16:33;0
62.06;51.62;40;63493.6;116.27;Digitized radical array;East Rachaelfurt;Male;Jersey;16/03/2016 20:10;0
84.29;81.62;30;56984.09;160.33;Team-oriented transitional methodology;Lake Johnbury;Male;Cayman Islands;26/06/2016 02:06;0
32.91;10.99;37;51691.55;181.02;Future-proofed fresh-thinking conglomeration;Elizabethstad;Female;South Africa;17/07/2016 14:26;0
39.5;34.90;31;49911.25;148.19;Operative multi-tasking Graphic Interface;West Brad;Male;Micronesia;28/01/2016 16:42;0
40.01;39.13;53;51463.17;161.77;Sharable multimedia conglomeration;East Brettton;Female;Ecuador;01/03/2016 22:06;0
52.7;38.78;41;41059.64;109.34;Team-oriented high-level orchestration;New Matthew;Male;Zambia;31/01/2016 08:50;0
35.55;13.14;39;51593.46;151.18;Robust object-oriented Graphic Interface;Westshire;Female;Micronesia;13/01/2016 20:38;0
60.23;47.20;60;46239.14;151.54;Seamless optimal contingency;Port Brenda;Male;Saudi Arabia;15/07/2016 15:43;0
67.91;56.52;23;55002.05;146.8;Re-engineered non-volatile neural-net;Hubbardmouth;Male;Latvia;12/01/2016 03:28;0
41.16;30.52;49;59448.44;150.83;Configurable interactive contingency;Hendrixmouth;Male;Venezuela;28/03/2016 09:15;0
53.54;51.05;39;47314.45;108.03;Optimized systemic capability;Julietown;Female;Palau;23/06/2016 11:05;0
40.19;25.50;37;55358.88;136.99;Right-sized system-worthy project;Adamsbury;Female;France;18/01/2016 02:51;0
58.95;35.28;55;56242.7;131.29;Proactive actuating Graphical User Interface;East Maureen;Male;Slovenia;20/06/2016 08:34;0
35.76;16.19;51;45522.44;195.07;Versatile optimizing projection;North Angelastad;Female;Peru;18/07/2016 04:53;0
59.36;34.70;49;46931.03;110.84;Universal multi-state system engine;Amandafort;Female;Belarus;01/07/2016 01:12;0
61.04;51.49;41;75805.12;149.21;Operative didactic Local Area Network;Ronaldport;Female;Benin;02/05/2016 15:31;0
64.63;49.28;45;15598.29;158.8;Triple-buffered high-level Internet solution;Isaacborough;Male;Azerbaijan;12/06/2016 03:11;0
46.14;42.76;28;39723.97;137.97;Seamless bandwidth-monitored knowledge user;Markhaven;Male;Ethiopia;04/04/2016 13:56;0
44.33;35.12;41;43386.07;120.63;Ergonomic empowering frame;Estradashire;Female;Guyana;14/01/2016 09:27;0
46.43;41.71;28;53922.43;137.2;Reverse-engineered background Graphic Interface;Brianland;Male;Ethiopia;25/04/2016 03:18;0
52.84;32.52;43;28495.21;122.31;Multi-tiered mobile encoding;Hobbsbury;Female;Senegal;16/07/2016 10:14;0
42.04;23.92;49;67323.0;182.11;Organic logistical adapter;New Christinatown;Female;Qatar;03/02/2016 16:54;0
46.28;31.54;26;50055.33;228.78;Stand-alone eco-centric system engine;Jacksonstad;Male;Andorra;18/04/2016 21:07;0
48.26;31.08;50;43573.66;122.45;User-centric intermediate knowledge user;South Margaret;Male;Liechtenstein;18/06/2016 22:31;0
71.03;56.31;55;28186.65;150.77;Programmable didactic capacity;Port Georgebury;Female;China;12/03/2016 07:18;0
58.05;41.13;32;15879.1;195.54;Total asynchronous architecture;Sanderstown;Male;Tajikistan;12/02/2016 10:39;0
52.56;49.20;31;33147.19;250.36;Integrated interactive support;New Karenberg;Male;Israel;24/04/2016 01:48;0
62.18;46.50;33;65899.68;126.44;Reactive impactful challenge;West Leahton;Female;Hungary;20/05/2016 00:00;0
66.08;59.59;61;58966.22;184.23;Synchronized multi-tasking ability;Klineside;Male;Cuba;07/01/2016 23:02;0
49.96;34.51;55;60968.62;151.94;Multi-layered user-facing parallelism;South Cynthiashire;Male;Zambia;04/04/2016 00:02;0
39.36;26.55;29;52462.04;161.79;Mandatory disintermediate info-mediaries;Jeremybury;Male;Bahamas;14/01/2016 20:58;0
47.23;30.01;38;70582.55;149.8;Implemented context-sensitive Local Area Network;Blevinstown;Male;Tokelau;22/06/2016 05:22;0
65.57;48.09;46;23410.75;130.86;Implemented asynchronous application;Reginamouth;Female;Belgium;15/04/2016 15:07;0
44.15;36.98;28;48867.67;141.96;Proactive secondary monitoring;Salazarbury;Male;Martinique;22/01/2016 15:03;0
43.57;20.68;36;50971.73;125.2;Front-line upward-trending groupware;Lake Joshuafurt;Male;French Polynesia;25/06/2016 17:33;0
42.06;33.59;34;43241.19;131.55;Multi-layered secondary software;Jamesmouth;Female;Puerto Rico;29/06/2016 02:48;0
66.26;62.79;47;14548.06;179.04;Optional full-range projection;Matthewtown;Male;Lebanon;25/04/2016 19:31;0
65.15;41.23;29;41335.84;117.3;Expanded value-added emulation;Brandonbury;Female;Hong Kong;14/07/2016 22:43;0
39.19;37.93;54;52581.16;173.05;Stand-alone empowering benchmark;Leahside;Female;Guatemala;23/01/2016 21:15;0
69.77;54.61;54;57667.99;132.27;Face-to-face dedicated flexibility;Port Sherrystad;Female;Malta;01/06/2016 03:17;0
87.27;69.55;30;51824.01;204.27;Fully-configurable 5thgeneration circuit;West Melissashire;Male;Christmas Island;06/03/2016 06:51;0
71.33;52.69;23;31072.44;169.4;Optimized attitude-oriented initiative;Josephmouth;Female;Japan;15/03/2016 06:54;0
46.89;25.14;48;72553.94;176.78;Polarized mission-critical structure;Chaseshire;Male;Turkey;17/07/2016 13:22;0
77.8;76.75;57;43708.88;152.94;Virtual executive implementation;Destinyfurt;Female;Namibia;14/02/2016 14:38;0
45.44;22.70;43;48453.55;119.27;Enhanced intermediate standardization;Mezaton;Female;China;04/05/2016 05:01;0
49.42;37.40;53;45465.25;128.0;Ameliorated well-modulated complexity;Jacquelineshire;Male;Congo;07/07/2016 18:07;0
49.19;35.69;38;61004.51;123.08;Versatile solution-oriented secured line;North Mark;Female;Hungary;12/05/2016 12:11;0
39.96;39.71;35;53898.89;138.52;Phased leadingedge budgetary management;Kingchester;Male;Pitcairn Islands;28/02/2016 23:21;0
67.59;67.57;45;;113.69;User-centric solution-oriented emulation;Brittanyborough;Female;Monaco;23/07/2016 05:21;0
43.07;21.88;36;60583.02;137.63;Monitored zero administration collaboration;East Ericport;Male;Turkey;11/02/2016 20:45;0
39.47;27.54;43;65576.05;163.48;Team-oriented systematic installation;Crawfordfurt;Male;Uganda;06/07/2016 23:09;0
